No,Branch_Code,Original_Name,Name,Generation,Type1,Type2,Gender_Male,Gender_Female,Gender_Unknown,Category,Mega_Evolution_Flag,Region_Form
1,1_0,Bulbasaur,Bulbasaur,1,Grass,Poison,87.5,12.5,0,Ordinary,,
2,2_0,Ivysaur,Ivysaur,1,Grass,Poison,87.5,12.5,0,Ordinary,,
3,3_0,Venusaur,Venusaur,1,Grass,Poison,87.5,12.5,0,Ordinary,,
3,3_1,Venusaur,Mega Venusaur,1,Grass,Poison,87.5,12.5,0,Ordinary,Mega,
4,4_0,Charmander,Charmander,1,Fire,,87.5,12.5,0,Ordinary,,
5,5_0,Charmeleon,Charmeleon,1,Fire,,87.5,12.5,0,Ordinary,,
6,6_0,Charizard,Charizard,1,Fire,Flying,87.5,12.5,0,Ordinary,,
6,6_1,Charizard,Mega Charizard X,1,Fire,Dragon,87.5,12.5,0,Ordinary,Mega,
6,6_2,Charizard,Mega Charizard Y,1,Fire,Flying,87.5,12.5,0,Ordinary,Mega,
7,7_0,Squirtle,Squirtle,1,Water,,87.5,12.5,0,Ordinary,,
8,8_0,Wartortle,Wartortle,1,Water,,87.5,12.5,0,Ordinary,,
9,9_0,Blastoise,Blastoise,1,Water,,87.5,12.5,0,Ordinary,,
9,9_1,Blastoise,Mega Blastoise,1,Water,,87.5,12.5,0,Ordinary,Mega,
10,10_0,Caterpie,Caterpie,1,Bug,,50,50,0,Ordinary,,
11,11_0,Metapod,Metapod,1,Bug,,50,50,0,Ordinary,,
12,12_0,Butterfree,Butterfree,1,Bug,Flying,50,50,0,Ordinary,,
13,13_0,Weedle,Weedle,1,Bug,Poison,50,50,0,Ordinary,,
14,14_0,Kakuna,Kakuna,1,Bug,Poison,50,50,0,Ordinary,,
15,15_0,Beedrill,Beedrill,1,Bug,Poison,50,50,0,Ordinary,,
15,15_1,Beedrill,Mega Beedrill,1,Bug,Poison,50,50,0,Ordinary,Mega,
16,16_0,Pidgey,Pidgey,1,Normal,Flying,50,50,0,Ordinary,,
17,17_0,Pidgeotto,Pidgeotto,1,Normal,Flying,50,50,0,Ordinary,,
18,18_0,Pidgeot,Pidgeot,1,Normal,Flying,50,50,0,Ordinary,,
18,18_1,Pidgeot,Mega Pidgeot,1,Normal,Flying,50,50,0,Ordinary,Mega,
19,19_0,Rattata,Rattata,1,Normal,,50,50,0,Ordinary,,
19,19_1,Rattata,Alolan Rattata,7,Dark,Normal,50,50,0,Ordinary,,Alolan
20,20_0,Raticate,Raticate,1,Normal,,50,50,0,Ordinary,,
20,20_1,Raticate,Alolan Raticate,7,Dark,Normal,50,50,0,Ordinary,,Alolan
21,21_0,Spearow,Spearow,1,Normal,Flying,50,50,0,Ordinary,,
22,22_0,Fearow,Fearow,1,Normal,Flying,50,50,0,Ordinary,,
23,23_0,Ekans,Ekans,1,Poison,,50,50,0,Ordinary,,
24,24_0,Arbok,Arbok,1,Poison,,50,50,0,Ordinary,,
25,25_0,Pikachu,Pikachu,1,Electric,,50,50,0,Ordinary,,
26,26_0,Raichu,Raichu,1,Electric,,50,50,0,Ordinary,,
26,26_1,Raichu,Alolan Raichu,7,Electric,Psychic,50,50,0,Ordinary,,Alolan
27,27_0,Sandshrew,Sandshrew,1,Ground,,50,50,0,Ordinary,,
27,27_1,Sandshrew,Alolan Sandshrew,7,Ice,Steel,50,50,0,Ordinary,,Alolan
28,28_0,Sandslash,Sandslash,1,Ground,,50,50,0,Ordinary,,
28,28_1,Sandslash,Alolan Sandslash,7,Ice,Steel,50,50,0,Ordinary,,Alolan
29,29_0,Nidoran F,Nidoran F,1,Poison,,0,100,0,Ordinary,,
30,30_0,Nidorina,Nidorina,1,Poison,,0,100,0,Ordinary,,
31,31_0,Nidoqueen,Nidoqueen,1,Poison,Ground,0,100,0,Ordinary,,
32,32_0,Nidoran M,Nidoran M,1,Poison,,100,0,0,Ordinary,,
33,33_0,Nidorino,Nidorino,1,Poison,,100,0,0,Ordinary,,
34,34_0,Nidoking,Nidoking,1,Poison,Ground,100,0,0,Ordinary,,
35,35_0,Clefairy,Clefairy,1,Fairy,,25,75,0,Ordinary,,
36,36_0,Clefable,Clefable,1,Fairy,,25,75,0,Ordinary,,
37,37_0,Vulpix,Vulpix,1,Fire,,25,75,0,Ordinary,,
37,37_1,Vulpix,Alolan Vulpix,7,Ice,,25,75,0,Ordinary,,Alolan
38,38_0,Ninetales,Ninetales,1,Fire,,25,75,0,Ordinary,,
38,38_1,Ninetales,Alolan Ninetales,7,Ice,Fairy,25,75,0,Ordinary,,Alolan
39,39_0,Jigglypuff,Jigglypuff,1,Normal,Fairy,25,75,0,Ordinary,,
40,40_0,Wigglytuff,Wigglytuff,1,Normal,Fairy,25,75,0,Ordinary,,
41,41_0,Zubat,Zubat,1,Poison,Flying,50,50,0,Ordinary,,
42,42_0,Golbat,Golbat,1,Poison,Flying,50,50,0,Ordinary,,
43,43_0,Oddish,Oddish,1,Grass,Poison,50,50,0,Ordinary,,
44,44_0,Gloom,Gloom,1,Grass,Poison,50,50,0,Ordinary,,
45,45_0,Vileplume,Vileplume,1,Grass,Poison,50,50,0,Ordinary,,
46,46_0,Paras,Paras,1,Bug,Grass,50,50,0,Ordinary,,
47,47_0,Parasect,Parasect,1,Bug,Grass,50,50,0,Ordinary,,
48,48_0,Venonat,Venonat,1,Bug,Poison,50,50,0,Ordinary,,
49,49_0,Venomoth,Venomoth,1,Bug,Poison,50,50,0,Ordinary,,
50,50_0,Diglett,Diglett,1,Ground,,50,50,0,Ordinary,,
50,50_1,Diglett,Alolan Diglett,7,Ground,Steel,50,50,0,Ordinary,,Alolan
51,51_0,Dugtrio,Dugtrio,1,Ground,,50,50,0,Ordinary,,
51,51_1,Dugtrio,Alolan Dugtrio,7,Ground,Steel,50,50,0,Ordinary,,Alolan
52,52_0,Meowth,Meowth,1,Normal,,50,50,0,Ordinary,,
52,52_1,Meowth,Alolan Meowth,7,Dark,,50,50,0,Ordinary,,Alolan
52,52_2,Meowth,Galarian Meowth,8,Steel,,50,50,0,Ordinary,,Galarian
53,53_0,Persian,Persian,1,Normal,,50,50,0,Ordinary,,
53,53_1,Persian,Alolan Persian,7,Dark,,50,50,0,Ordinary,,Alolan
54,54_0,Psyduck,Psyduck,1,Water,,50,50,0,Ordinary,,
55,55_0,Golduck,Golduck,1,Water,,50,50,0,Ordinary,,
56,56_0,Mankey,Mankey,1,Fighting,,50,50,0,Ordinary,,
57,57_0,Primeape,Primeape,1,Fighting,,50,50,0,Ordinary,,
58,58_0,Growlithe,Growlithe,1,Fire,,75,25,0,Ordinary,,
58,58_1,Growlithe,Hisuian Growlithe,8,Fire,Rock,75,25,0,Ordinary,,Hisuian
59,59_0,Arcanine,Arcanine,1,Fire,,75,25,0,Ordinary,,
59,59_1,Arcanine,Hisuian Arcanine,8,Fire,Rock,75,25,0,Ordinary,,Hisuian
60,60_0,Poliwag,Poliwag,1,Water,,50,50,0,Ordinary,,
61,61_0,Poliwhirl,Poliwhirl,1,Water,,50,50,0,Ordinary,,
62,62_0,Poliwrath,Poliwrath,1,Water,Fighting,50,50,0,Ordinary,,
63,63_0,Abra,Abra,1,Psychic,,75,25,0,Ordinary,,
64,64_0,Kadabra,Kadabra,1,Psychic,,75,25,0,Ordinary,,
65,65_0,Alakazam,Alakazam,1,Psychic,,75,25,0,Ordinary,,
65,65_1,Alakazam,Mega Alakazam,1,Psychic,,75,25,0,Ordinary,Mega,
66,66_0,Machop,Machop,1,Fighting,,75,25,0,Ordinary,,
67,67_0,Machoke,Machoke,1,Fighting,,75,25,0,Ordinary,,
68,68_0,Machamp,Machamp,1,Fighting,,75,25,0,Ordinary,,
69,69_0,Bellsprout,Bellsprout,1,Grass,Poison,50,50,0,Ordinary,,
70,70_0,Weepinbell,Weepinbell,1,Grass,Poison,50,50,0,Ordinary,,
71,71_0,Victreebel,Victreebel,1,Grass,Poison,50,50,0,Ordinary,,
72,72_0,Tentacool,Tentacool,1,Water,Poison,50,50,0,Ordinary,,
73,73_0,Tentacruel,Tentacruel,1,Water,Poison,50,50,0,Ordinary,,
74,74_0,Geodude,Geodude,1,Rock,Ground,50,50,0,Ordinary,,
74,74_1,Geodude,Alolan Geodude,7,Rock,Electric,50,50,0,Ordinary,,Alolan
75,75_0,Graveler,Graveler,1,Rock,Ground,50,50,0,Ordinary,,
75,75_1,Graveler,Alolan Graveler,7,Rock,Electric,50,50,0,Ordinary,,Alolan
76,76_0,Golem,Golem,1,Rock,Ground,50,50,0,Ordinary,,
76,76_1,Golem,Alolan Golem,7,Rock,Electric,50,50,0,Ordinary,,Alolan
77,77_0,Ponyta,Ponyta,1,Fire,,50,50,0,Ordinary,,
77,77_1,Ponyta,Galarian Ponyta,8,Psychic,,50,50,0,Ordinary,,Galarian
78,78_0,Rapidash,Rapidash,1,Fire,,50,50,0,Ordinary,,
78,78_1,Rapidash,Galarian Rapidash,8,Psychic,Fairy,50,50,0,Ordinary,,Galarian
79,79_0,Slowpoke,Slowpoke,1,Water,Psychic,50,50,0,Ordinary,,
79,79_1,Slowpoke,Galarian Slowpoke,8,Psychic,,50,50,0,Ordinary,,Galarian
80,80_0,Slowbro,Slowbro,1,Water,Psychic,50,50,0,Ordinary,,
80,80_1,Slowbro,Galarian Slowbro,8,Poison,Psychic,50,50,0,Ordinary,,Galarian
80,80_2,Slowbro,Mega Slowbro,1,Water,Psychic,50,50,0,Ordinary,Mega,
81,81_0,Magnemite,Magnemite,1,Electric,Steel,0,0,100,Ordinary,,
82,82_0,Magneton,Magneton,1,Electric,Steel,0,0,100,Ordinary,,
83,83_0,Farfetch'd,Farfetch'd,1,Normal,Flying,50,50,0,Ordinary,,
83,83_1,Farfetch'd,Galarian Farfetch'd,8,Fighting,,50,50,0,Ordinary,,Galarian
84,84_0,Doduo,Doduo,1,Normal,Flying,50,50,0,Ordinary,,
85,85_0,Dodrio,Dodrio,1,Normal,Flying,50,50,0,Ordinary,,
86,86_0,Seel,Seel,1,Water,,50,50,0,Ordinary,,
87,87_0,Dewgong,Dewgong,1,Water,Ice,50,50,0,Ordinary,,
88,88_0,Grimer,Grimer,1,Poison,,50,50,0,Ordinary,,
88,88_1,Grimer,Alolan Grimer,7,Poison,Dark,50,50,0,Ordinary,,Alolan
89,89_0,Muk,Muk,1,Poison,,50,50,0,Ordinary,,
89,89_1,Muk,Alolan Muk,7,Poison,Dark,50,50,0,Ordinary,,Alolan
90,90_0,Shellder,Shellder,1,Water,,50,50,0,Ordinary,,
91,91_0,Cloyster,Cloyster,1,Water,Ice,50,50,0,Ordinary,,
92,92_0,Gastly,Gastly,1,Ghost,Poison,50,50,0,Ordinary,,
93,93_0,Haunter,Haunter,1,Ghost,Poison,50,50,0,Ordinary,,
94,94_0,Gengar,Gengar,1,Ghost,Poison,50,50,0,Ordinary,,
94,94_1,Gengar,Mega Gengar,1,Ghost,Poison,50,50,0,Ordinary,Mega,
95,95_0,Onix,Onix,1,Rock,Ground,50,50,0,Ordinary,,
96,96_0,Drowzee,Drowzee,1,Psychic,,50,50,0,Ordinary,,
97,97_0,Hypno,Hypno,1,Psychic,,50,50,0,Ordinary,,
98,98_0,Krabby,Krabby,1,Water,,50,50,0,Ordinary,,
99,99_0,Kingler,Kingler,1,Water,,50,50,0,Ordinary,,
100,100_0,Voltorb,Voltorb,1,Electric,,0,0,100,Ordinary,,
100,100_1,Voltorb,Hisuian Voltorb,8,Electric,Grass,0,0,100,Ordinary,,Hisuian
101,101_0,Electrode,Electrode,1,Electric,,0,0,100,Ordinary,,
101,101_1,Electrode,Hisuian Electrode,8,Electric,Grass,0,0,100,Ordinary,,Hisuian
102,102_0,Exeggcute,Exeggcute,1,Grass,Psychic,50,50,0,Ordinary,,
103,103_0,Exeggutor,Exeggutor,1,Grass,Psychic,50,50,0,Ordinary,,
103,103_1,Exeggutor,Alolan Exeggutor,7,Grass,Dragon,50,50,0,Ordinary,,Alolan
104,104_0,Cubone,Cubone,1,Ground,,50,50,0,Ordinary,,
105,105_0,Marowak,Marowak,1,Ground,,50,50,0,Ordinary,,
105,105_1,Marowak,Alolan Marowak,7,Fire,Ghost,50,50,0,Ordinary,,Alolan
106,106_0,Hitmonlee,Hitmonlee,1,Fighting,,100,0,0,Ordinary,,
107,107_0,Hitmonchan,Hitmonchan,1,Fighting,,100,0,0,Ordinary,,
108,108_0,Lickitung,Lickitung,1,Normal,,50,50,0,Ordinary,,
109,109_0,Koffing,Koffing,1,Poison,,50,50,0,Ordinary,,
110,110_0,Weezing,Weezing,1,Poison,,50,50,0,Ordinary,,
110,110_1,Weezing,Galarian Weezing,8,Poison,Fairy,50,50,0,Ordinary,,Galarian
111,111_0,Rhyhorn,Rhyhorn,1,Ground,Rock,50,50,0,Ordinary,,
112,112_0,Rhydon,Rhydon,1,Ground,Rock,50,50,0,Ordinary,,
113,113_0,Chansey,Chansey,1,Normal,,0,100,0,Ordinary,,
114,114_0,Tangela,Tangela,1,Grass,,50,50,0,Ordinary,,
115,115_0,Kangaskhan,Kangaskhan,1,Normal,,0,100,0,Ordinary,,
115,115_1,Kangaskhan,Mega Kangaskhan,1,Normal,,0,100,0,Ordinary,Mega,
116,116_0,Horsea,Horsea,1,Water,,50,50,0,Ordinary,,
117,117_0,Seadra,Seadra,1,Water,,50,50,0,Ordinary,,
118,118_0,Goldeen,Goldeen,1,Water,,50,50,0,Ordinary,,
119,119_0,Seaking,Seaking,1,Water,,50,50,0,Ordinary,,
120,120_0,Staryu,Staryu,1,Water,,0,0,100,Ordinary,,
121,121_0,Starmie,Starmie,1,Water,Psychic,0,0,100,Ordinary,,
122,122_0,Mr. Mime,Mr. Mime,1,Psychic,Fairy,50,50,0,Ordinary,,
122,122_1,Mr. Mime,Galarian Mr. Mime,8,Ice,Psychic,50,50,0,Ordinary,,Galarian
123,123_0,Scyther,Scyther,1,Bug,Flying,50,50,0,Ordinary,,
124,124_0,Jynx,Jynx,1,Ice,Psychic,0,100,0,Ordinary,,
125,125_0,Electabuzz,Electabuzz,1,Electric,,75,25,0,Ordinary,,
126,126_0,Magmar,Magmar,1,Fire,,75,25,0,Ordinary,,
127,127_0,Pinsir,Pinsir,1,Bug,,50,50,0,Ordinary,,
127,127_1,Pinsir,Mega Pinsir,1,Bug,Flying,50,50,0,Ordinary,Mega,
128,128_0,Tauros,Tauros,1,Normal,,100,0,0,Ordinary,,
128,128_1,Tauros,Paldean Tauros Combat Breed,1,Fighting,,100,0,0,Ordinary,,
128,128_2,Tauros,Paldean Tauros Blaze Breed,9,Fighting,Fire,100,0,0,Ordinary,,Paldean
128,128_3,Tauros,Paldean Tauros Aqua Breed,9,Fighting,Water,100,0,0,Ordinary,,Paldean
129,129_0,Magikarp,Magikarp,1,Water,,50,50,0,Ordinary,,
130,130_0,Gyarados,Gyarados,1,Water,Flying,50,50,0,Ordinary,,
130,130_1,Gyarados,Mega Gyarados,1,Water,Dark,50,50,0,Ordinary,Mega,
131,131_0,Lapras,Lapras,1,Water,Ice,50,50,0,Ordinary,,
132,132_0,Ditto,Ditto,1,Normal,,0,0,100,Ordinary,,
133,133_0,Eevee,Eevee,1,Normal,,87.5,12.5,0,Ordinary,,
134,134_0,Vaporeon,Vaporeon,1,Water,,87.5,12.5,0,Ordinary,,
135,135_0,Jolteon,Jolteon,1,Electric,,87.5,12.5,0,Ordinary,,
136,136_0,Flareon,Flareon,1,Fire,,87.5,12.5,0,Ordinary,,
137,137_0,Porygon,Porygon,1,Normal,,0,0,100,Ordinary,,
138,138_0,Omanyte,Omanyte,1,Rock,Water,87.5,12.5,0,Ordinary,,
139,139_0,Omastar,Omastar,1,Rock,Water,87.5,12.5,0,Ordinary,,
140,140_0,Kabuto,Kabuto,1,Rock,Water,87.5,12.5,0,Ordinary,,
141,141_0,Kabutops,Kabutops,1,Rock,Water,87.5,12.5,0,Ordinary,,
142,142_0,Aerodactyl,Aerodactyl,1,Rock,Flying,87.5,12.5,0,Ordinary,,
142,142_1,Aerodactyl,Mega Aerodactyl,1,Rock,Flying,87.5,12.5,0,Ordinary,Mega,
143,143_0,Snorlax,Snorlax,1,Normal,,87.5,12.5,0,Ordinary,,
144,144_0,Articuno,Articuno,1,Ice,Flying,0,0,100,Semi-Legendary,,
144,144_1,Articuno,Galarian Articuno,8,Psychic,Flying,0,0,100,Semi-Legendary,,Galarian
145,145_0,Zapdos,Zapdos,1,Electric,Flying,0,0,100,Semi-Legendary,,
145,145_1,Zapdos,Galarian Zapdos,8,Fighting,Flying,0,0,100,Semi-Legendary,,Galarian
146,146_0,Moltres,Moltres,1,Fire,Flying,0,0,100,Semi-Legendary,,
146,146_1,Moltres,Galarian Moltres,8,Dark,Flying,0,0,100,Semi-Legendary,,Galarian
147,147_0,Dratini,Dratini,1,Dragon,,50,50,0,Ordinary,,
148,148_0,Dragonair,Dragonair,1,Dragon,,50,50,0,Ordinary,,
149,149_0,Dragonite,Dragonite,1,Dragon,Flying,50,50,0,Ordinary,,
150,150_0,Mewtwo,Mewtwo,1,Psychic,,0,0,100,Legendary,,
150,150_1,Mewtwo,Mega Mewtwo X,1,Psychic,Fighting,0,0,100,Legendary,Mega,
150,150_2,Mewtwo,Mega Mewtwo Y,1,Psychic,,0,0,100,Legendary,Mega,
151,151_0,Mew,Mew,1,Psychic,,0,0,100,Mythical,,
152,152_0,Chikorita,Chikorita,2,Grass,,87.5,12.5,0,Ordinary,,
153,153_0,Bayleef,Bayleef,2,Grass,,87.5,12.5,0,Ordinary,,
154,154_0,Meganium,Meganium,2,Grass,,87.5,12.5,0,Ordinary,,
155,155_0,Cyndaquil,Cyndaquil,2,Fire,,87.5,12.5,0,Ordinary,,
156,156_0,Quilava,Quilava,2,Fire,,87.5,12.5,0,Ordinary,,
157,157_0,Typhlosion,Typhlosion,2,Fire,,87.5,12.5,0,Ordinary,,
157,157_1,Typhlosion,Hisuian Typhlosion,8,Fire,Ghost,87.5,12.5,0,Ordinary,,Hisuian
158,158_0,Totodile,Totodile,2,Water,,87.5,12.5,0,Ordinary,,
159,159_0,Croconaw,Croconaw,2,Water,,87.5,12.5,0,Ordinary,,
160,160_0,Feraligatr,Feraligatr,2,Water,,87.5,12.5,0,Ordinary,,
161,161_0,Sentret,Sentret,2,Normal,,50,50,0,Ordinary,,
162,162_0,Furret,Furret,2,Normal,,50,50,0,Ordinary,,
163,163_0,Hoothoot,Hoothoot,2,Normal,Flying,50,50,0,Ordinary,,
164,164_0,Noctowl,Noctowl,2,Normal,Flying,50,50,0,Ordinary,,
165,165_0,Ledyba,Ledyba,2,Bug,Flying,50,50,0,Ordinary,,
166,166_0,Ledian,Ledian,2,Bug,Flying,50,50,0,Ordinary,,
167,167_0,Spinarak,Spinarak,2,Bug,Poison,50,50,0,Ordinary,,
168,168_0,Ariados,Ariados,2,Bug,Poison,50,50,0,Ordinary,,
169,169_0,Crobat,Crobat,2,Poison,Flying,50,50,0,Ordinary,,
170,170_0,Chinchou,Chinchou,2,Water,Electric,50,50,0,Ordinary,,
171,171_0,Lanturn,Lanturn,2,Water,Electric,50,50,0,Ordinary,,
172,172_0,Pichu,Pichu,2,Electric,,50,50,0,Ordinary,,
173,173_0,Cleffa,Cleffa,2,Fairy,,25,75,0,Ordinary,,
174,174_0,Igglybuff,Igglybuff,2,Normal,Fairy,25,75,0,Ordinary,,
175,175_0,Togepi,Togepi,2,Fairy,,87.5,12.5,0,Ordinary,,
176,176_0,Togetic,Togetic,2,Fairy,Flying,87.5,12.5,0,Ordinary,,
177,177_0,Natu,Natu,2,Psychic,Flying,50,50,0,Ordinary,,
178,178_0,Xatu,Xatu,2,Psychic,Flying,50,50,0,Ordinary,,
179,179_0,Mareep,Mareep,2,Electric,,50,50,0,Ordinary,,
180,180_0,Flaaffy,Flaaffy,2,Electric,,50,50,0,Ordinary,,
181,181_0,Ampharos,Ampharos,2,Electric,,50,50,0,Ordinary,,
181,181_1,Ampharos,Mega Ampharos,2,Electric,Dragon,50,50,0,Ordinary,Mega,
182,182_0,Bellossom,Bellossom,2,Grass,,50,50,0,Ordinary,,
183,183_0,Marill,Marill,2,Water,Fairy,50,50,0,Ordinary,,
184,184_0,Azumarill,Azumarill,2,Water,Fairy,50,50,0,Ordinary,,
185,185_0,Sudowoodo,Sudowoodo,2,Rock,,50,50,0,Ordinary,,
186,186_0,Politoed,Politoed,2,Water,,50,50,0,Ordinary,,
187,187_0,Hoppip,Hoppip,2,Grass,Flying,50,50,0,Ordinary,,
188,188_0,Skiploom,Skiploom,2,Grass,Flying,50,50,0,Ordinary,,
189,189_0,Jumpluff,Jumpluff,2,Grass,Flying,50,50,0,Ordinary,,
190,190_0,Aipom,Aipom,2,Normal,,50,50,0,Ordinary,,
191,191_0,Sunkern,Sunkern,2,Grass,,50,50,0,Ordinary,,
192,192_0,Sunflora,Sunflora,2,Grass,,50,50,0,Ordinary,,
193,193_0,Yanma,Yanma,2,Bug,Flying,50,50,0,Ordinary,,
194,194_0,Wooper,Paldean Wooper,9,Poison,Ground,50,50,0,Ordinary,,Paldean
194,194_1,Wooper,Wooper,2,Water,Ground,50,50,0,Ordinary,,
195,195_0,Quagsire,Quagsire,2,Water,Ground,50,50,0,Ordinary,,
196,196_0,Espeon,Espeon,2,Psychic,,87.5,12.5,0,Ordinary,,
197,197_0,Umbreon,Umbreon,2,Dark,,87.5,12.5,0,Ordinary,,
198,198_0,Murkrow,Murkrow,2,Dark,Flying,50,50,0,Ordinary,,
199,199_0,Slowking,Slowking,2,Water,Psychic,50,50,0,Ordinary,,
199,199_1,Slowking,Galarian Slowking,8,Poison,Psychic,50,50,0,Ordinary,,Galarian
200,200_0,Misdreavus,Misdreavus,2,Ghost,,50,50,0,Ordinary,,
201,201_0,Unown,Unown,2,Psychic,,0,0,100,Ordinary,,
202,202_0,Wobbuffet,Wobbuffet,2,Psychic,,50,50,0,Ordinary,,
203,203_0,Girafarig,Girafarig,2,Normal,Psychic,50,50,0,Ordinary,,
204,204_0,Pineco,Pineco,2,Bug,,50,50,0,Ordinary,,
205,205_0,Forretress,Forretress,2,Bug,Steel,50,50,0,Ordinary,,
206,206_0,Dunsparce,Dunsparce,2,Normal,,50,50,0,Ordinary,,
207,207_0,Gligar,Gligar,2,Ground,Flying,50,50,0,Ordinary,,
208,208_0,Steelix,Steelix,2,Steel,Ground,50,50,0,Ordinary,,
208,208_1,Steelix,Mega Steelix,2,Steel,Ground,50,50,0,Ordinary,Mega,
209,209_0,Snubbull,Snubbull,2,Fairy,,25,75,0,Ordinary,,
210,210_0,Granbull,Granbull,2,Fairy,,25,75,0,Ordinary,,
211,211_0,Qwilfish,Qwilfish,2,Water,Poison,50,50,0,Ordinary,,
211,211_1,Qwilfish,Hisuian Qwilfish,8,Dark,Poison,50,50,0,Ordinary,,Hisuian
212,212_0,Scizor,Scizor,2,Bug,Steel,50,50,0,Ordinary,,
212,212_1,Scizor,Mega Scizor,2,Bug,Steel,50,50,0,Ordinary,Mega,
213,213_0,Shuckle,Shuckle,2,Bug,Rock,50,50,0,Ordinary,,
214,214_0,Heracross,Heracross,2,Bug,Fighting,50,50,0,Ordinary,,
214,214_1,Heracross,Mega Heracross,2,Bug,Fighting,50,50,0,Ordinary,Mega,
215,215_0,Sneasel,Sneasel,2,Dark,Ice,50,50,0,Ordinary,,
215,215_1,Sneasel,Hisuian Sneasel,8,Fighting,Poison,50,50,0,Ordinary,,Hisuian
216,216_0,Teddiursa,Teddiursa,2,Normal,,50,50,0,Ordinary,,
217,217_0,Ursaring,Ursaring,2,Normal,,50,50,0,Ordinary,,
218,218_0,Slugma,Slugma,2,Fire,,50,50,0,Ordinary,,
219,219_0,Magcargo,Magcargo,2,Fire,Rock,50,50,0,Ordinary,,
220,220_0,Swinub,Swinub,2,Ice,Ground,50,50,0,Ordinary,,
221,221_0,Piloswine,Piloswine,2,Ice,Ground,50,50,0,Ordinary,,
222,222_0,Corsola,Corsola,2,Water,Rock,25,75,0,Ordinary,,
222,222_1,Corsola,Galarian Corsola,8,Ghost,,25,75,0,Ordinary,,Galarian
223,223_0,Remoraid,Remoraid,2,Water,,50,50,0,Ordinary,,
224,224_0,Octillery,Octillery,2,Water,,50,50,0,Ordinary,,
225,225_0,Delibird,Delibird,2,Ice,Flying,50,50,0,Ordinary,,
226,226_0,Mantine,Mantine,2,Water,Flying,50,50,0,Ordinary,,
227,227_0,Skarmory,Skarmory,2,Steel,Flying,50,50,0,Ordinary,,
228,228_0,Houndour,Houndour,2,Dark,Fire,50,50,0,Ordinary,,
229,229_0,Houndoom,Houndoom,2,Dark,Fire,50,50,0,Ordinary,,
229,229_1,Houndoom,Mega Houndoom,2,Dark,Fire,50,50,0,Ordinary,Mega,
230,230_0,Kingdra,Kingdra,2,Water,Dragon,50,50,0,Ordinary,,
231,231_0,Phanpy,Phanpy,2,Ground,,50,50,0,Ordinary,,
232,232_0,Donphan,Donphan,2,Ground,,50,50,0,Ordinary,,
233,233_0,Porygon2,Porygon2,2,Normal,,0,0,100,Ordinary,,
234,234_0,Stantler,Stantler,2,Normal,,50,50,0,Ordinary,,
235,235_0,Smeargle,Smeargle,2,Normal,,50,50,0,Ordinary,,
236,236_0,Tyrogue,Tyrogue,2,Fighting,,100,0,0,Ordinary,,
237,237_0,Hitmontop,Hitmontop,2,Fighting,,100,0,0,Ordinary,,
238,238_0,Smoochum,Smoochum,2,Ice,Psychic,0,100,0,Ordinary,,
239,239_0,Elekid,Elekid,2,Electric,,75,25,0,Ordinary,,
240,240_0,Magby,Magby,2,Fire,,75,25,0,Ordinary,,
241,241_0,Miltank,Miltank,2,Normal,,0,100,0,Ordinary,,
242,242_0,Blissey,Blissey,2,Normal,,0,100,0,Ordinary,,
243,243_0,Raikou,Raikou,2,Electric,,0,0,100,Semi-Legendary,,
244,244_0,Entei,Entei,2,Fire,,0,0,100,Semi-Legendary,,
245,245_0,Suicune,Suicune,2,Water,,0,0,100,Semi-Legendary,,
246,246_0,Larvitar,Larvitar,2,Rock,Ground,50,50,0,Ordinary,,
247,247_0,Pupitar,Pupitar,2,Rock,Ground,50,50,0,Ordinary,,
248,248_0,Tyranitar,Tyranitar,2,Rock,Dark,50,50,0,Ordinary,,
248,248_1,Tyranitar,Mega Tyranitar,2,Rock,Dark,50,50,0,Ordinary,Mega,
249,249_0,Lugia,Lugia,2,Psychic,Flying,0,0,100,Legendary,,
250,250_0,Ho-Oh,Ho-Oh,2,Fire,Flying,0,0,100,Legendary,,
251,251_0,Celebi,Celebi,2,Psychic,Grass,0,0,100,Mythical,,
252,252_0,Treecko,Treecko,3,Grass,,87.5,12.5,0,Ordinary,,
253,253_0,Grovyle,Grovyle,3,Grass,,87.5,12.5,0,Ordinary,,
254,254_0,Sceptile,Sceptile,3,Grass,,87.5,12.5,0,Ordinary,,
254,254_1,Sceptile,Mega Sceptile,3,Grass,Dragon,87.5,12.5,0,Ordinary,Mega,
255,255_0,Torchic,Torchic,3,Fire,,87.5,12.5,0,Ordinary,,
256,256_0,Combusken,Combusken,3,Fire,Fighting,87.5,12.5,0,Ordinary,,
257,257_0,Blaziken,Blaziken,3,Fire,Fighting,87.5,12.5,0,Ordinary,,
257,257_1,Blaziken,Mega Blaziken,3,Fire,Fighting,87.5,12.5,0,Ordinary,Mega,
258,258_0,Mudkip,Mudkip,3,Water,,87.5,12.5,0,Ordinary,,
259,259_0,Marshtomp,Marshtomp,3,Water,Ground,87.5,12.5,0,Ordinary,,
260,260_0,Swampert,Swampert,3,Water,Ground,87.5,12.5,0,Ordinary,,
260,260_1,Swampert,Mega Swampert,3,Water,Ground,87.5,12.5,0,Ordinary,Mega,
261,261_0,Poochyena,Poochyena,3,Dark,,50,50,0,Ordinary,,
262,262_0,Mightyena,Mightyena,3,Dark,,50,50,0,Ordinary,,
263,263_0,Zigzagoon,Zigzagoon,3,Normal,,50,50,0,Ordinary,,
263,263_1,Zigzagoon,Galarian Zigzagoon,8,Dark,Normal,50,50,0,Ordinary,,Galarian
264,264_0,Linoone,Linoone,3,Normal,,50,50,0,Ordinary,,
264,264_1,Linoone,Galarian Linoone,8,Dark,Normal,50,50,0,Ordinary,,Galarian
265,265_0,Wurmple,Wurmple,3,Bug,,50,50,0,Ordinary,,
266,266_0,Silcoon,Silcoon,3,Bug,,50,50,0,Ordinary,,
267,267_0,Beautifly,Beautifly,3,Bug,Flying,50,50,0,Ordinary,,
268,268_0,Cascoon,Cascoon,3,Bug,,50,50,0,Ordinary,,
269,269_0,Dustox,Dustox,3,Bug,Poison,50,50,0,Ordinary,,
270,270_0,Lotad,Lotad,3,Water,Grass,50,50,0,Ordinary,,
271,271_0,Lombre,Lombre,3,Water,Grass,50,50,0,Ordinary,,
272,272_0,Ludicolo,Ludicolo,3,Water,Grass,50,50,0,Ordinary,,
273,273_0,Seedot,Seedot,3,Grass,,50,50,0,Ordinary,,
274,274_0,Nuzleaf,Nuzleaf,3,Grass,Dark,50,50,0,Ordinary,,
275,275_0,Shiftry,Shiftry,3,Grass,Dark,50,50,0,Ordinary,,
276,276_0,Taillow,Taillow,3,Normal,Flying,50,50,0,Ordinary,,
277,277_0,Swellow,Swellow,3,Normal,Flying,50,50,0,Ordinary,,
278,278_0,Wingull,Wingull,3,Water,Flying,50,50,0,Ordinary,,
279,279_0,Pelipper,Pelipper,3,Water,Flying,50,50,0,Ordinary,,
280,280_0,Ralts,Ralts,3,Psychic,Fairy,50,50,0,Ordinary,,
281,281_0,Kirlia,Kirlia,3,Psychic,Fairy,50,50,0,Ordinary,,
282,282_0,Gardevoir,Gardevoir,3,Psychic,Fairy,50,50,0,Ordinary,,
282,282_1,Gardevoir,Mega Gardevoir,3,Psychic,Fairy,50,50,0,Ordinary,Mega,
283,283_0,Surskit,Surskit,3,Bug,Water,50,50,0,Ordinary,,
284,284_0,Masquerain,Masquerain,3,Bug,Flying,50,50,0,Ordinary,,
285,285_0,Shroomish,Shroomish,3,Grass,,50,50,0,Ordinary,,
286,286_0,Breloom,Breloom,3,Grass,Fighting,50,50,0,Ordinary,,
287,287_0,Slakoth,Slakoth,3,Normal,,50,50,0,Ordinary,,
288,288_0,Vigoroth,Vigoroth,3,Normal,,50,50,0,Ordinary,,
289,289_0,Slaking,Slaking,3,Normal,,50,50,0,Ordinary,,
290,290_0,Nincada,Nincada,3,Bug,Ground,50,50,0,Ordinary,,
291,291_0,Ninjask,Ninjask,3,Bug,Flying,50,50,0,Ordinary,,
292,292_0,Shedinja,Shedinja,3,Bug,Ghost,0,0,100,Ordinary,,
293,293_0,Whismur,Whismur,3,Normal,,50,50,0,Ordinary,,
294,294_0,Loudred,Loudred,3,Normal,,50,50,0,Ordinary,,
295,295_0,Exploud,Exploud,3,Normal,,50,50,0,Ordinary,,
296,296_0,Makuhita,Makuhita,3,Fighting,,75,25,0,Ordinary,,
297,297_0,Hariyama,Hariyama,3,Fighting,,75,25,0,Ordinary,,
298,298_0,Azurill,Azurill,3,Normal,Fairy,25,75,0,Ordinary,,
299,299_0,Nosepass,Nosepass,3,Rock,,50,50,0,Ordinary,,
300,300_0,Skitty,Skitty,3,Normal,,25,75,0,Ordinary,,
301,301_0,Delcatty,Delcatty,3,Normal,,25,75,0,Ordinary,,
302,302_0,Sableye,Sableye,3,Dark,Ghost,50,50,0,Ordinary,,
302,302_1,Sableye,Mega Sableye,3,Dark,Ghost,50,50,0,Ordinary,Mega,
303,303_0,Mawile,Mawile,3,Steel,Fairy,50,50,0,Ordinary,,
303,303_1,Mawile,Mega Mawile,3,Steel,Fairy,50,50,0,Ordinary,Mega,
304,304_0,Aron,Aron,3,Steel,Rock,50,50,0,Ordinary,,
305,305_0,Lairon,Lairon,3,Steel,Rock,50,50,0,Ordinary,,
306,306_0,Aggron,Aggron,3,Steel,Rock,50,50,0,Ordinary,,
306,306_1,Aggron,Mega Aggron,3,Steel,,50,50,0,Ordinary,Mega,
307,307_0,Meditite,Meditite,3,Fighting,Psychic,50,50,0,Ordinary,,
308,308_0,Medicham,Medicham,3,Fighting,Psychic,50,50,0,Ordinary,,
308,308_1,Medicham,Mega Medicham,3,Fighting,Psychic,50,50,0,Ordinary,Mega,
309,309_0,Electrike,Electrike,3,Electric,,50,50,0,Ordinary,,
310,310_0,Manectric,Manectric,3,Electric,,50,50,0,Ordinary,,
310,310_1,Manectric,Mega Manectric,3,Electric,,50,50,0,Ordinary,Mega,
311,311_0,Plusle,Plusle,3,Electric,,50,50,0,Ordinary,,
312,312_0,Minun,Minun,3,Electric,,50,50,0,Ordinary,,
313,313_0,Volbeat,Volbeat,3,Bug,,100,0,0,Ordinary,,
314,314_0,Illumise,Illumise,3,Bug,,0,100,0,Ordinary,,
315,315_0,Roselia,Roselia,3,Grass,Poison,50,50,0,Ordinary,,
316,316_0,Gulpin,Gulpin,3,Poison,,50,50,0,Ordinary,,
317,317_0,Swalot,Swalot,3,Poison,,50,50,0,Ordinary,,
318,318_0,Carvanha,Carvanha,3,Water,Dark,50,50,0,Ordinary,,
319,319_0,Sharpedo,Sharpedo,3,Water,Dark,50,50,0,Ordinary,,
319,319_1,Sharpedo,Mega Sharpedo,3,Water,Dark,50,50,0,Ordinary,Mega,
320,320_0,Wailmer,Wailmer,3,Water,,50,50,0,Ordinary,,
321,321_0,Wailord,Wailord,3,Water,,50,50,0,Ordinary,,
322,322_0,Numel,Numel,3,Fire,Ground,50,50,0,Ordinary,,
323,323_0,Camerupt,Camerupt,3,Fire,Ground,50,50,0,Ordinary,,
323,323_1,Camerupt,Mega Camerupt,3,Fire,Ground,50,50,0,Ordinary,Mega,
324,324_0,Torkoal,Torkoal,3,Fire,,50,50,0,Ordinary,,
325,325_0,Spoink,Spoink,3,Psychic,,50,50,0,Ordinary,,
326,326_0,Grumpig,Grumpig,3,Psychic,,50,50,0,Ordinary,,
327,327_0,Spinda,Spinda,3,Normal,,50,50,0,Ordinary,,
328,328_0,Trapinch,Trapinch,3,Ground,,50,50,0,Ordinary,,
329,329_0,Vibrava,Vibrava,3,Ground,Dragon,50,50,0,Ordinary,,
330,330_0,Flygon,Flygon,3,Ground,Dragon,50,50,0,Ordinary,,
331,331_0,Cacnea,Cacnea,3,Grass,,50,50,0,Ordinary,,
332,332_0,Cacturne,Cacturne,3,Grass,Dark,50,50,0,Ordinary,,
333,333_0,Swablu,Swablu,3,Normal,Flying,50,50,0,Ordinary,,
334,334_0,Altaria,Altaria,3,Dragon,Flying,50,50,0,Ordinary,,
334,334_1,Altaria,Mega Altaria,3,Dragon,Fairy,50,50,0,Ordinary,Mega,
335,335_0,Zangoose,Zangoose,3,Normal,,50,50,0,Ordinary,,
336,336_0,Seviper,Seviper,3,Poison,,50,50,0,Ordinary,,
337,337_0,Lunatone,Lunatone,3,Rock,Psychic,0,0,100,Ordinary,,
338,338_0,Solrock,Solrock,3,Rock,Psychic,0,0,100,Ordinary,,
339,339_0,Barboach,Barboach,3,Water,Ground,50,50,0,Ordinary,,
340,340_0,Whiscash,Whiscash,3,Water,Ground,50,50,0,Ordinary,,
341,341_0,Corphish,Corphish,3,Water,,50,50,0,Ordinary,,
342,342_0,Crawdaunt,Crawdaunt,3,Water,Dark,50,50,0,Ordinary,,
343,343_0,Baltoy,Baltoy,3,Ground,Psychic,0,0,100,Ordinary,,
344,344_0,Claydol,Claydol,3,Ground,Psychic,0,0,100,Ordinary,,
345,345_0,Lileep,Lileep,3,Rock,Grass,87.5,12.5,0,Ordinary,,
346,346_0,Cradily,Cradily,3,Rock,Grass,87.5,12.5,0,Ordinary,,
347,347_0,Anorith,Anorith,3,Rock,Bug,87.5,12.5,0,Ordinary,,
348,348_0,Armaldo,Armaldo,3,Rock,Bug,87.5,12.5,0,Ordinary,,
349,349_0,Feebas,Feebas,3,Water,,50,50,0,Ordinary,,
350,350_0,Milotic,Milotic,3,Water,,50,50,0,Ordinary,,
351,351_0,Castform,Castform,3,Normal,,50,50,0,Ordinary,,
351,351_1,Castform,Castform Sunny Form,3,Normal,,50,50,0,Ordinary,,
351,351_2,Castform,Castform Rainy Form,3,Normal,,50,50,0,Ordinary,,
351,351_3,Castform,Castform Snowy Form,3,Normal,,50,50,0,Ordinary,,
352,352_0,Kecleon,Kecleon,3,Normal,,50,50,0,Ordinary,,
353,353_0,Shuppet,Shuppet,3,Ghost,,50,50,0,Ordinary,,
354,354_0,Banette,Banette,3,Ghost,,50,50,0,Ordinary,,
354,354_1,Banette,Mega Banette,3,Ghost,,50,50,0,Ordinary,Mega,
355,355_0,Duskull,Duskull,3,Ghost,,50,50,0,Ordinary,,
356,356_0,Dusclops,Dusclops,3,Ghost,,50,50,0,Ordinary,,
357,357_0,Tropius,Tropius,3,Grass,Flying,50,50,0,Ordinary,,
358,358_0,Chimecho,Chimecho,3,Psychic,,50,50,0,Ordinary,,
359,359_0,Absol,Absol,3,Dark,,50,50,0,Ordinary,,
359,359_1,Absol,Mega Absol,3,Dark,,50,50,0,Ordinary,Mega,
360,360_0,Wynaut,Wynaut,3,Psychic,,50,50,0,Ordinary,,
361,361_0,Snorunt,Snorunt,3,Ice,,50,50,0,Ordinary,,
362,362_0,Glalie,Glalie,3,Ice,,50,50,0,Ordinary,,
362,362_1,Glalie,Mega Glalie,3,Ice,,50,50,0,Ordinary,Mega,
363,363_0,Spheal,Spheal,3,Ice,Water,50,50,0,Ordinary,,
364,364_0,Sealeo,Sealeo,3,Ice,Water,50,50,0,Ordinary,,
365,365_0,Walrein,Walrein,3,Ice,Water,50,50,0,Ordinary,,
366,366_0,Clamperl,Clamperl,3,Water,,50,50,0,Ordinary,,
367,367_0,Huntail,Huntail,3,Water,,50,50,0,Ordinary,,
368,368_0,Gorebyss,Gorebyss,3,Water,,50,50,0,Ordinary,,
369,369_0,Relicanth,Relicanth,3,Water,Rock,87.5,12.5,0,Ordinary,,
370,370_0,Luvdisc,Luvdisc,3,Water,,25,75,0,Ordinary,,
371,371_0,Bagon,Bagon,3,Dragon,,50,50,0,Ordinary,,
372,372_0,Shelgon,Shelgon,3,Dragon,,50,50,0,Ordinary,,
373,373_0,Salamence,Salamence,3,Dragon,Flying,50,50,0,Ordinary,,
373,373_1,Salamence,Mega Salamence,3,Dragon,Flying,50,50,0,Ordinary,Mega,
374,374_0,Beldum,Beldum,3,Steel,Psychic,0,0,100,Ordinary,,
375,375_0,Metang,Metang,3,Steel,Psychic,0,0,100,Ordinary,,
376,376_0,Metagross,Metagross,3,Steel,Psychic,0,0,100,Ordinary,,
376,376_1,Metagross,Mega Metagross,3,Steel,Psychic,0,0,100,Ordinary,Mega,
377,377_0,Regirock,Regirock,3,Rock,,0,0,100,Semi-Legendary,,
378,378_0,Regice,Regice,3,Ice,,0,0,100,Semi-Legendary,,
379,379_0,Registeel,Registeel,3,Steel,,0,0,100,Semi-Legendary,,
380,380_0,Latias,Latias,3,Dragon,Psychic,0,100,0,Semi-Legendary,,
380,380_1,Latias,Mega Latias,3,Dragon,Psychic,0,100,0,Semi-Legendary,Mega,
381,381_0,Latios,Latios,3,Dragon,Psychic,100,0,0,Semi-Legendary,,
381,381_1,Latios,Mega Latios,3,Dragon,Psychic,100,0,0,Semi-Legendary,Mega,
382,382_0,Kyogre,Kyogre,3,Water,,0,0,100,Legendary,,
382,382_1,Kyogre,Primal Kyogre,3,Water,,0,0,100,Legendary,,
383,383_0,Groudon,Groudon,3,Ground,,0,0,100,Legendary,,
383,383_1,Groudon,Primal Groudon,3,Ground,Fire,0,0,100,Legendary,,
384,384_0,Rayquaza,Rayquaza,3,Dragon,Flying,0,0,100,Legendary,,
384,384_1,Rayquaza,Mega Rayquaza,3,Dragon,Flying,0,0,100,Legendary,Mega,
385,385_0,Jirachi,Jirachi,3,Steel,Psychic,0,0,100,Mythical,,
386,386_0,Deoxys,Deoxys,3,Psychic,,0,0,100,Mythical,,
386,386_1,Deoxys,Deoxys Attack Form,3,Psychic,,0,0,100,Mythical,,
386,386_2,Deoxys,Deoxys Defense Form,3,Psychic,,0,0,100,Mythical,,
386,386_3,Deoxys,Deoxys Speed Form,3,Psychic,,0,0,100,Mythical,,
387,387_0,Turtwig,Turtwig,4,Grass,,87.5,12.5,0,Ordinary,,
388,388_0,Grotle,Grotle,4,Grass,,87.5,12.5,0,Ordinary,,
389,389_0,Torterra,Torterra,4,Grass,Ground,87.5,12.5,0,Ordinary,,
390,390_0,Chimchar,Chimchar,4,Fire,,87.5,12.5,0,Ordinary,,
391,391_0,Monferno,Monferno,4,Fire,Fighting,87.5,12.5,0,Ordinary,,
392,392_0,Infernape,Infernape,4,Fire,Fighting,87.5,12.5,0,Ordinary,,
393,393_0,Piplup,Piplup,4,Water,,87.5,12.5,0,Ordinary,,
394,394_0,Prinplup,Prinplup,4,Water,,87.5,12.5,0,Ordinary,,
395,395_0,Empoleon,Empoleon,4,Water,Steel,87.5,12.5,0,Ordinary,,
396,396_0,Starly,Starly,4,Normal,Flying,50,50,0,Ordinary,,
397,397_0,Staravia,Staravia,4,Normal,Flying,50,50,0,Ordinary,,
398,398_0,Staraptor,Staraptor,4,Normal,Flying,50,50,0,Ordinary,,
399,399_0,Bidoof,Bidoof,4,Normal,,50,50,0,Ordinary,,
400,400_0,Bibarel,Bibarel,4,Normal,Water,50,50,0,Ordinary,,
401,401_0,Kricketot,Kricketot,4,Bug,,50,50,0,Ordinary,,
402,402_0,Kricketune,Kricketune,4,Bug,,50,50,0,Ordinary,,
403,403_0,Shinx,Shinx,4,Electric,,50,50,0,Ordinary,,
404,404_0,Luxio,Luxio,4,Electric,,50,50,0,Ordinary,,
405,405_0,Luxray,Luxray,4,Electric,,50,50,0,Ordinary,,
406,406_0,Budew,Budew,4,Grass,Poison,50,50,0,Ordinary,,
407,407_0,Roserade,Roserade,4,Grass,Poison,50,50,0,Ordinary,,
408,408_0,Cranidos,Cranidos,4,Rock,,87.5,12.5,0,Ordinary,,
409,409_0,Rampardos,Rampardos,4,Rock,,87.5,12.5,0,Ordinary,,
410,410_0,Shieldon,Shieldon,4,Rock,Steel,87.5,12.5,0,Ordinary,,
411,411_0,Bastiodon,Bastiodon,4,Rock,Steel,87.5,12.5,0,Ordinary,,
412,412_0,Burmy,Burmy Plant Form,4,Bug,,50,50,0,Ordinary,,
412,412_1,Burmy,Burmy Sandy Form,4,Bug,,50,50,0,Ordinary,,
412,412_2,Burmy,Burmy Trash Form,4,Bug,,50,50,0,Ordinary,,
413,413_0,Wormadam,Wormadam Plant Form,4,Bug,Grass,0,100,0,Ordinary,,
413,413_1,Wormadam,Wormadam Sandy Form,4,Bug,Ground,0,100,0,Ordinary,,
413,413_2,Wormadam,Wormadam Trash Form,4,Bug,Steel,0,100,0,Ordinary,,
414,414_0,Mothim,Mothim,4,Bug,Flying,100,0,0,Ordinary,,
415,415_0,Combee,Combee,4,Bug,Flying,87.5,12.5,0,Ordinary,,
416,416_0,Vespiquen,Vespiquen,4,Bug,Flying,0,100,0,Ordinary,,
417,417_0,Pachirisu,Pachirisu,4,Electric,,50,50,0,Ordinary,,
418,418_0,Buizel,Buizel,4,Water,,50,50,0,Ordinary,,
419,419_0,Floatzel,Floatzel,4,Water,,50,50,0,Ordinary,,
420,420_0,Cherubi,Cherubi,4,Grass,,50,50,0,Ordinary,,
421,421_0,Cherrim,Cherrim,4,Grass,,50,50,0,Ordinary,,
421,421_1,Cherrim,Cherrim Sunshine Form,4,Grass,,50,50,0,Ordinary,,
422,422_0,Shellos,Shellos East-Sea Form,4,Water,,50,50,0,Ordinary,,
422,422_1,Shellos,Shellos West-Sea Form,4,Water,,50,50,0,Ordinary,,
423,423_0,Gastrodon,Gastrodon East-Sea Form,4,Water,Ground,50,50,0,Ordinary,,
423,423_1,Gastrodon,Gastrodon West-Sea Form,4,Water,Ground,50,50,0,Ordinary,,
424,424_0,Ambipom,Ambipom,4,Normal,,50,50,0,Ordinary,,
425,425_0,Drifloon,Drifloon,4,Ghost,Flying,50,50,0,Ordinary,,
426,426_0,Drifblim,Drifblim,4,Ghost,Flying,50,50,0,Ordinary,,
427,427_0,Buneary,Buneary,4,Normal,,50,50,0,Ordinary,,
428,428_0,Lopunny,Lopunny,4,Normal,,50,50,0,Ordinary,,
428,428_1,Lopunny,Mega Lopunny,4,Normal,Fighting,50,50,0,Ordinary,Mega,
429,429_0,Mismagius,Mismagius,4,Ghost,,50,50,0,Ordinary,,
430,430_0,Honchkrow,Honchkrow,4,Dark,Flying,50,50,0,Ordinary,,
431,431_0,Glameow,Glameow,4,Normal,,25,75,0,Ordinary,,
432,432_0,Purugly,Purugly,4,Normal,,25,75,0,Ordinary,,
433,433_0,Chingling,Chingling,4,Psychic,,50,50,0,Ordinary,,
434,434_0,Stunky,Stunky,4,Poison,Dark,50,50,0,Ordinary,,
435,435_0,Skuntank,Skuntank,4,Poison,Dark,50,50,0,Ordinary,,
436,436_0,Bronzor,Bronzor,4,Steel,Psychic,0,0,100,Ordinary,,
437,437_0,Bronzong,Bronzong,4,Steel,Psychic,0,0,100,Ordinary,,
438,438_0,Bonsly,Bonsly,4,Rock,,50,50,0,Ordinary,,
439,439_0,Mime Jr.,Mime Jr.,4,Psychic,Fairy,50,50,0,Ordinary,,
440,440_0,Happiny,Happiny,4,Normal,,0,100,0,Ordinary,,
441,441_0,Chatot,Chatot,4,Normal,Flying,50,50,0,Ordinary,,
442,442_0,Spiritomb,Spiritomb,4,Ghost,Dark,50,50,0,Ordinary,,
443,443_0,Gible,Gible,4,Dragon,Ground,50,50,0,Ordinary,,
444,444_0,Gabite,Gabite,4,Dragon,Ground,50,50,0,Ordinary,,
445,445_0,Garchomp,Garchomp,4,Dragon,Ground,50,50,0,Ordinary,,
445,445_1,Garchomp,Mega Garchomp,4,Dragon,Ground,50,50,0,Ordinary,Mega,
446,446_0,Munchlax,Munchlax,4,Normal,,87.5,12.5,0,Ordinary,,
447,447_0,Riolu,Riolu,4,Fighting,,87.5,12.5,0,Ordinary,,
448,448_0,Lucario,Lucario,4,Fighting,Steel,87.5,12.5,0,Ordinary,,
448,448_1,Lucario,Mega Lucario,4,Fighting,Steel,87.5,12.5,0,Ordinary,Mega,
449,449_0,Hippopotas,Hippopotas,4,Ground,,50,50,0,Ordinary,,
450,450_0,Hippowdon,Hippowdon,4,Ground,,50,50,0,Ordinary,,
451,451_0,Skorupi,Skorupi,4,Poison,Bug,50,50,0,Ordinary,,
452,452_0,Drapion,Drapion,4,Poison,Dark,50,50,0,Ordinary,,
453,453_0,Croagunk,Croagunk,4,Poison,Fighting,50,50,0,Ordinary,,
454,454_0,Toxicroak,Toxicroak,4,Poison,Fighting,50,50,0,Ordinary,,
455,455_0,Carnivine,Carnivine,4,Grass,,50,50,0,Ordinary,,
456,456_0,Finneon,Finneon,4,Water,,50,50,0,Ordinary,,
457,457_0,Lumineon,Lumineon,4,Water,,50,50,0,Ordinary,,
458,458_0,Mantyke,Mantyke,4,Water,Flying,50,50,0,Ordinary,,
459,459_0,Snover,Snover,4,Grass,Ice,50,50,0,Ordinary,,
460,460_0,Abomasnow,Abomasnow,4,Grass,Ice,50,50,0,Ordinary,,
460,460_1,Abomasnow,Mega Abomasnow,4,Grass,Ice,50,50,0,Ordinary,Mega,
461,461_0,Weavile,Weavile,4,Dark,Ice,50,50,0,Ordinary,,
462,462_0,Magnezone,Magnezone,4,Electric,Steel,0,0,100,Ordinary,,
463,463_0,Lickilicky,Lickilicky,4,Normal,,50,50,0,Ordinary,,
464,464_0,Rhyperior,Rhyperior,4,Ground,Rock,50,50,0,Ordinary,,
465,465_0,Tangrowth,Tangrowth,4,Grass,,50,50,0,Ordinary,,
466,466_0,Electivire,Electivire,4,Electric,,75,25,0,Ordinary,,
467,467_0,Magmortar,Magmortar,4,Fire,,75,25,0,Ordinary,,
468,468_0,Togekiss,Togekiss,4,Fairy,Flying,87.5,12.5,0,Ordinary,,
469,469_0,Yanmega,Yanmega,4,Bug,Flying,50,50,0,Ordinary,,
470,470_0,Leafeon,Leafeon,4,Grass,,87.5,12.5,0,Ordinary,,
471,471_0,Glaceon,Glaceon,4,Ice,,87.5,12.5,0,Ordinary,,
472,472_0,Gliscor,Gliscor,4,Ground,Flying,50,50,0,Ordinary,,
473,473_0,Mamoswine,Mamoswine,4,Ice,Ground,50,50,0,Ordinary,,
474,474_0,Porygon-Z,Porygon-Z,4,Normal,,0,0,100,Ordinary,,
475,475_0,Gallade,Gallade,4,Psychic,Fighting,100,0,0,Ordinary,,
475,475_1,Gallade,Mega Gallade,4,Psychic,Fighting,100,0,0,Ordinary,Mega,
476,476_0,Probopass,Probopass,4,Rock,Steel,50,50,0,Ordinary,,
477,477_0,Dusknoir,Dusknoir,4,Ghost,,50,50,0,Ordinary,,
478,478_0,Froslass,Froslass,4,Ice,Ghost,0,100,0,Ordinary,,
479,479_0,Rotom,Rotom,4,Electric,Ghost,0,0,100,Ordinary,,
479,479_1,Rotom,Heat Rotom,4,Electric,Fire,0,0,100,Ordinary,,
479,479_2,Rotom,Wash Rotom,4,Electric,Water,0,0,100,Ordinary,,
479,479_3,Rotom,Frost Rotom,4,Electric,Ice,0,0,100,Ordinary,,
479,479_4,Rotom,Fan Rotom,4,Electric,Flying,0,0,100,Ordinary,,
479,479_5,Rotom,Mow Rotom,4,Electric,Grass,0,0,100,Ordinary,,
480,480_0,Uxie,Uxie,4,Psychic,,0,0,100,Semi-Legendary,,
481,481_0,Mesprit,Mesprit,4,Psychic,,0,0,100,Semi-Legendary,,
482,482_0,Azelf,Azelf,4,Psychic,,0,0,100,Semi-Legendary,,
483,483_0,Dialga,Dialga,4,Steel,Dragon,0,0,100,Legendary,,
483,483_1,Dialga,Dialga Origin Form,4,Steel,Dragon,0,0,100,Legendary,,
484,484_0,Palkia,Palkia,4,Water,Dragon,0,0,100,Legendary,,
484,484_1,Palkia,Palkia Origin Form,4,Water,Dragon,0,0,100,Legendary,,
485,485_0,Heatran,Heatran,4,Fire,Steel,50,50,0,Semi-Legendary,,
486,486_0,Regigigas,Regigigas,4,Normal,,0,0,100,Semi-Legendary,,
487,487_0,Giratina,Giratina,4,Ghost,Dragon,0,0,100,Legendary,,
487,487_1,Giratina,Giratina Origin Form,4,Ghost,Dragon,0,0,100,Legendary,,
488,488_0,Cresselia,Cresselia,4,Psychic,,0,100,0,Semi-Legendary,,
489,489_0,Phione,Phione,4,Water,,0,0,100,Mythical,,
490,490_0,Manaphy,Manaphy,4,Water,,0,0,100,Mythical,,
491,491_0,Darkrai,Darkrai,4,Dark,,0,0,100,Mythical,,
492,492_0,Shaymin,Shaymin Land Form,4,Grass,,0,0,100,Mythical,,
492,492_1,Shaymin,Shaymin Sky Form,4,Grass,Flying,0,0,100,Mythical,,
493,493_0,Arceus,Arceus,4,Normal,,0,0,100,Mythical,,
494,494_0,Victini,Victini,5,Psychic,Fire,0,0,100,Mythical,,
495,495_0,Snivy,Snivy,5,Grass,,87.5,12.5,0,Ordinary,,
496,496_0,Servine,Servine,5,Grass,,87.5,12.5,0,Ordinary,,
497,497_0,Serperior,Serperior,5,Grass,,87.5,12.5,0,Ordinary,,
498,498_0,Tepig,Tepig,5,Fire,,87.5,12.5,0,Ordinary,,
499,499_0,Pignite,Pignite,5,Fire,Fighting,87.5,12.5,0,Ordinary,,
500,500_0,Emboar,Emboar,5,Fire,Fighting,87.5,12.5,0,Ordinary,,
501,501_0,Oshawott,Oshawott,5,Water,,87.5,12.5,0,Ordinary,,
502,502_0,Dewott,Dewott,5,Water,,87.5,12.5,0,Ordinary,,
503,503_0,Samurott,Samurott,5,Water,,87.5,12.5,0,Ordinary,,
503,503_1,Samurott,Hisuian Samurott,8,Water,Dark,87.5,12.5,0,Ordinary,,Hisuian
504,504_0,Patrat,Patrat,5,Normal,,50,50,0,Ordinary,,
505,505_0,Watchog,Watchog,5,Normal,,50,50,0,Ordinary,,
506,506_0,Lillipup,Lillipup,5,Normal,,50,50,0,Ordinary,,
507,507_0,Herdier,Herdier,5,Normal,,50,50,0,Ordinary,,
508,508_0,Stoutland,Stoutland,5,Normal,,50,50,0,Ordinary,,
509,509_0,Purrloin,Purrloin,5,Dark,,50,50,0,Ordinary,,
510,510_0,Liepard,Liepard,5,Dark,,50,50,0,Ordinary,,
511,511_0,Pansage,Pansage,5,Grass,,87.5,12.5,0,Ordinary,,
512,512_0,Simisage,Simisage,5,Grass,,87.5,12.5,0,Ordinary,,
513,513_0,Pansear,Pansear,5,Fire,,87.5,12.5,0,Ordinary,,
514,514_0,Simisear,Simisear,5,Fire,,87.5,12.5,0,Ordinary,,
515,515_0,Panpour,Panpour,5,Water,,87.5,12.5,0,Ordinary,,
516,516_0,Simipour,Simipour,5,Water,,87.5,12.5,0,Ordinary,,
517,517_0,Munna,Munna,5,Psychic,,50,50,0,Ordinary,,
518,518_0,Musharna,Musharna,5,Psychic,,50,50,0,Ordinary,,
519,519_0,Pidove,Pidove,5,Normal,Flying,50,50,0,Ordinary,,
520,520_0,Tranquill,Tranquill,5,Normal,Flying,50,50,0,Ordinary,,
521,521_0,Unfezant,Unfezant,5,Normal,Flying,50,50,0,Ordinary,,
522,522_0,Blitzle,Blitzle,5,Electric,,50,50,0,Ordinary,,
523,523_0,Zebstrika,Zebstrika,5,Electric,,50,50,0,Ordinary,,
524,524_0,Roggenrola,Roggenrola,5,Rock,,50,50,0,Ordinary,,
525,525_0,Boldore,Boldore,5,Rock,,50,50,0,Ordinary,,
526,526_0,Gigalith,Gigalith,5,Rock,,50,50,0,Ordinary,,
527,527_0,Woobat,Woobat,5,Psychic,Flying,50,50,0,Ordinary,,
528,528_0,Swoobat,Swoobat,5,Psychic,Flying,50,50,0,Ordinary,,
529,529_0,Drilbur,Drilbur,5,Ground,,50,50,0,Ordinary,,
530,530_0,Excadrill,Excadrill,5,Ground,Steel,50,50,0,Ordinary,,
531,531_0,Audino,Audino,5,Normal,,50,50,0,Ordinary,,
531,531_1,Audino,Mega Audino,5,Normal,Fairy,50,50,0,Ordinary,Mega,
532,532_0,Timburr,Timburr,5,Fighting,,75,25,0,Ordinary,,
533,533_0,Gurdurr,Gurdurr,5,Fighting,,75,25,0,Ordinary,,
534,534_0,Conkeldurr,Conkeldurr,5,Fighting,,75,25,0,Ordinary,,
535,535_0,Tympole,Tympole,5,Water,,50,50,0,Ordinary,,
536,536_0,Palpitoad,Palpitoad,5,Water,Ground,50,50,0,Ordinary,,
537,537_0,Seismitoad,Seismitoad,5,Water,Ground,50,50,0,Ordinary,,
538,538_0,Throh,Throh,5,Fighting,,100,0,0,Ordinary,,
539,539_0,Sawk,Sawk,5,Fighting,,100,0,0,Ordinary,,
540,540_0,Sewaddle,Sewaddle,5,Bug,Grass,50,50,0,Ordinary,,
541,541_0,Swadloon,Swadloon,5,Bug,Grass,50,50,0,Ordinary,,
542,542_0,Leavanny,Leavanny,5,Bug,Grass,50,50,0,Ordinary,,
543,543_0,Venipede,Venipede,5,Bug,Poison,50,50,0,Ordinary,,
544,544_0,Whirlipede,Whirlipede,5,Bug,Poison,50,50,0,Ordinary,,
545,545_0,Scolipede,Scolipede,5,Bug,Poison,50,50,0,Ordinary,,
546,546_0,Cottonee,Cottonee,5,Grass,Fairy,50,50,0,Ordinary,,
547,547_0,Whimsicott,Whimsicott,5,Grass,Fairy,50,50,0,Ordinary,,
548,548_0,Petilil,Petilil,5,Grass,,0,100,0,Ordinary,,
549,549_0,Lilligant,Lilligant,5,Grass,,0,100,0,Ordinary,,
549,549_1,Lilligant,Hisuian Lilligant,8,Grass,Fighting,0,100,0,Ordinary,,Hisuian
550,550_0,Basculin,Basculin Red Stripe,5,Water,,50,50,0,Ordinary,,
550,550_1,Basculin,Basculin Blue Stripe,5,Water,,50,50,0,Ordinary,,
550,550_2,Basculin,Hisuian Basculin,8,Water,,50,50,0,Ordinary,,Hisuian
551,551_0,Sandile,Sandile,5,Ground,Dark,50,50,0,Ordinary,,
552,552_0,Krokorok,Krokorok,5,Ground,Dark,50,50,0,Ordinary,,
553,553_0,Krookodile,Krookodile,5,Ground,Dark,50,50,0,Ordinary,,
554,554_0,Darumaka,Darumaka,5,Fire,,50,50,0,Ordinary,,
554,554_1,Darumaka,Galarian Darumaka,8,Ice,,50,50,0,Ordinary,,Galarian
555,555_0,Darmanitan,Darmanitan,5,Fire,,50,50,0,Ordinary,,
555,555_1,Darmanitan,Darmanitan Zen-Mode,5,Fire,Psychic,50,50,0,Ordinary,,
555,555_2,Darmanitan,Galarian Darmanitan,8,Ice,,50,50,0,Ordinary,,Galarian
555,555_3,Darmanitan,Galarian Darmanitan Zen-Mode,8,Ice,Fire,50,50,0,Ordinary,,Galarian
556,556_0,Maractus,Maractus,5,Grass,,50,50,0,Ordinary,,
557,557_0,Dwebble,Dwebble,5,Bug,Rock,50,50,0,Ordinary,,
558,558_0,Crustle,Crustle,5,Bug,Rock,50,50,0,Ordinary,,
559,559_0,Scraggy,Scraggy,5,Dark,Fighting,50,50,0,Ordinary,,
560,560_0,Scrafty,Scrafty,5,Dark,Fighting,50,50,0,Ordinary,,
561,561_0,Sigilyph,Sigilyph,5,Psychic,Flying,50,50,0,Ordinary,,
562,562_0,Yamask,Yamask,5,Ghost,,50,50,0,Ordinary,,
562,562_1,Yamask,Galarian Yamask,8,Ground,Ghost,50,50,0,Ordinary,,Galarian
563,563_0,Cofagrigus,Cofagrigus,5,Ghost,,50,50,0,Ordinary,,
564,564_0,Tirtouga,Tirtouga,5,Water,Rock,87.5,12.5,0,Ordinary,,
565,565_0,Carracosta,Carracosta,5,Water,Rock,87.5,12.5,0,Ordinary,,
566,566_0,Archen,Archen,5,Rock,Flying,87.5,12.5,0,Ordinary,,
567,567_0,Archeops,Archeops,5,Rock,Flying,87.5,12.5,0,Ordinary,,
568,568_0,Trubbish,Trubbish,5,Poison,,50,50,0,Ordinary,,
569,569_0,Garbodor,Garbodor,5,Poison,,50,50,0,Ordinary,,
570,570_0,Zorua,Zorua,5,Dark,,87.5,12.5,0,Ordinary,,
570,570_1,Zorua,Hisuian Zorua,8,Normal,Ghost,87.5,12.5,0,Ordinary,,Hisuian
571,571_0,Zoroark,Zoroark,5,Dark,,87.5,12.5,0,Ordinary,,
571,571_1,Zoroark,Hisuian Zoroark,8,Normal,Ghost,87.5,12.5,0,Ordinary,,Hisuian
572,572_0,Minccino,Minccino,5,Normal,,25,75,0,Ordinary,,
573,573_0,Cinccino,Cinccino,5,Normal,,25,75,0,Ordinary,,
574,574_0,Gothita,Gothita,5,Psychic,,25,75,0,Ordinary,,
575,575_0,Gothorita,Gothorita,5,Psychic,,25,75,0,Ordinary,,
576,576_0,Gothitelle,Gothitelle,5,Psychic,,25,75,0,Ordinary,,
577,577_0,Solosis,Solosis,5,Psychic,,50,50,0,Ordinary,,
578,578_0,Duosion,Duosion,5,Psychic,,50,50,0,Ordinary,,
579,579_0,Reuniclus,Reuniclus,5,Psychic,,50,50,0,Ordinary,,
580,580_0,Ducklett,Ducklett,5,Water,Flying,50,50,0,Ordinary,,
581,581_0,Swanna,Swanna,5,Water,Flying,50,50,0,Ordinary,,
582,582_0,Vanillite,Vanillite,5,Ice,,50,50,0,Ordinary,,
583,583_0,Vanillish,Vanillish,5,Ice,,50,50,0,Ordinary,,
584,584_0,Vanilluxe,Vanilluxe,5,Ice,,50,50,0,Ordinary,,
585,585_0,Deerling,Deerling Spring Form,5,Normal,Grass,50,50,0,Ordinary,,
585,585_1,Deerling,Deerling Summer Form,5,Normal,Grass,50,50,0,Ordinary,,
585,585_2,Deerling,Deerling Autumn Form,5,Normal,Grass,50,50,0,Ordinary,,
585,585_3,Deerling,Deerling Winter Form,5,Normal,Grass,50,50,0,Ordinary,,
586,586_0,Sawsbuck,Sawsbuck,5,Normal,Grass,50,50,0,Ordinary,,
587,587_0,Emolga,Emolga,5,Electric,Flying,50,50,0,Ordinary,,
588,588_0,Karrablast,Karrablast,5,Bug,,50,50,0,Ordinary,,
589,589_0,Escavalier,Escavalier,5,Bug,Steel,50,50,0,Ordinary,,
590,590_0,Foongus,Foongus,5,Grass,Poison,50,50,0,Ordinary,,
591,591_0,Amoonguss,Amoonguss,5,Grass,Poison,50,50,0,Ordinary,,
592,592_0,Frillish,Frillish,5,Water,Ghost,50,50,0,Ordinary,,
593,593_0,Jellicent,Jellicent,5,Water,Ghost,50,50,0,Ordinary,,
594,594_0,Alomomola,Alomomola,5,Water,,50,50,0,Ordinary,,
595,595_0,Joltik,Joltik,5,Bug,Electric,50,50,0,Ordinary,,
596,596_0,Galvantula,Galvantula,5,Bug,Electric,50,50,0,Ordinary,,
597,597_0,Ferroseed,Ferroseed,5,Grass,Steel,50,50,0,Ordinary,,
598,598_0,Ferrothorn,Ferrothorn,5,Grass,Steel,50,50,0,Ordinary,,
599,599_0,Klink,Klink,5,Steel,,0,0,100,Ordinary,,
600,600_0,Klang,Klang,5,Steel,,0,0,100,Ordinary,,
601,601_0,Klinklang,Klinklang,5,Steel,,0,0,100,Ordinary,,
602,602_0,Tynamo,Tynamo,5,Electric,,50,50,0,Ordinary,,
603,603_0,Eelektrik,Eelektrik,5,Electric,,50,50,0,Ordinary,,
604,604_0,Eelektross,Eelektross,5,Electric,,50,50,0,Ordinary,,
605,605_0,Elgyem,Elgyem,5,Psychic,,50,50,0,Ordinary,,
606,606_0,Beheeyem,Beheeyem,5,Psychic,,50,50,0,Ordinary,,
607,607_0,Litwick,Litwick,5,Ghost,Fire,50,50,0,Ordinary,,
608,608_0,Lampent,Lampent,5,Ghost,Fire,50,50,0,Ordinary,,
609,609_0,Chandelure,Chandelure,5,Ghost,Fire,50,50,0,Ordinary,,
610,610_0,Axew,Axew,5,Dragon,,50,50,0,Ordinary,,
611,611_0,Fraxure,Fraxure,5,Dragon,,50,50,0,Ordinary,,
612,612_0,Haxorus,Haxorus,5,Dragon,,50,50,0,Ordinary,,
613,613_0,Cubchoo,Cubchoo,5,Ice,,50,50,0,Ordinary,,
614,614_0,Beartic,Beartic,5,Ice,,50,50,0,Ordinary,,
615,615_0,Cryogonal,Cryogonal,5,Ice,,0,0,100,Ordinary,,
616,616_0,Shelmet,Shelmet,5,Bug,,50,50,0,Ordinary,,
617,617_0,Accelgor,Accelgor,5,Bug,,50,50,0,Ordinary,,
618,618_0,Stunfisk,Stunfisk,5,Ground,Electric,50,50,0,Ordinary,,
618,618_1,Stunfisk,Galarian Stunfisk,8,Ground,Steel,50,50,0,Ordinary,,Galarian
619,619_0,Mienfoo,Mienfoo,5,Fighting,,50,50,0,Ordinary,,
620,620_0,Mienshao,Mienshao,5,Fighting,,50,50,0,Ordinary,,
621,621_0,Druddigon,Druddigon,5,Dragon,,50,50,0,Ordinary,,
622,622_0,Golett,Golett,5,Ground,Ghost,0,0,100,Ordinary,,
623,623_0,Golurk,Golurk,5,Ground,Ghost,0,0,100,Ordinary,,
624,624_0,Pawniard,Pawniard,5,Dark,Steel,50,50,0,Ordinary,,
625,625_0,Bisharp,Bisharp,5,Dark,Steel,50,50,0,Ordinary,,
626,626_0,Bouffalant,Bouffalant,5,Normal,,50,50,0,Ordinary,,
627,627_0,Rufflet,Rufflet,5,Normal,Flying,100,0,0,Ordinary,,
628,628_0,Braviary,Braviary,5,Normal,Flying,100,0,0,Ordinary,,
628,628_1,Braviary,Hisuian Braviary,8,Psychic,Flying,100,0,0,Ordinary,,Hisuian
629,629_0,Vullaby,Vullaby,5,Dark,Flying,0,100,0,Ordinary,,
630,630_0,Mandibuzz,Mandibuzz,5,Dark,Flying,0,100,0,Ordinary,,
631,631_0,Heatmor,Heatmor,5,Fire,,50,50,0,Ordinary,,
632,632_0,Durant,Durant,5,Bug,Steel,50,50,0,Ordinary,,
633,633_0,Deino,Deino,5,Dark,Dragon,50,50,0,Ordinary,,
634,634_0,Zweilous,Zweilous,5,Dark,Dragon,50,50,0,Ordinary,,
635,635_0,Hydreigon,Hydreigon,5,Dark,Dragon,50,50,0,Ordinary,,
636,636_0,Larvesta,Larvesta,5,Bug,Fire,50,50,0,Ordinary,,
637,637_0,Volcarona,Volcarona,5,Bug,Fire,50,50,0,Ordinary,,
638,638_0,Cobalion,Cobalion,5,Steel,Fighting,0,0,100,Semi-Legendary,,
639,639_0,Terrakion,Terrakion,5,Rock,Fighting,0,0,100,Semi-Legendary,,
640,640_0,Virizion,Virizion,5,Grass,Fighting,0,0,100,Semi-Legendary,,
641,641_0,Tornadus,Tornadus Incarnate Form,5,Flying,,100,0,0,Semi-Legendary,,
641,641_1,Tornadus,Tornadus Therian Form,5,Flying,,100,0,0,Semi-Legendary,,
642,642_0,Thundurus,Thundurus Incarnate Form,5,Electric,Flying,100,0,0,Semi-Legendary,,
642,642_1,Thundurus,Thundurus Therian Form,5,Electric,Flying,100,0,0,Semi-Legendary,,
643,643_0,Reshiram,Reshiram,5,Dragon,Fire,0,0,100,Legendary,,
644,644_0,Zekrom,Zekrom,5,Dragon,Electric,0,0,100,Legendary,,
645,645_0,Landorus,Landorus Incarnate Form,5,Ground,Flying,100,0,0,Semi-Legendary,,
645,645_1,Landorus,Landorus Therian Form,5,Ground,Flying,100,0,0,Semi-Legendary,,
646,646_0,Kyurem,Kyurem,5,Dragon,Ice,0,0,100,Legendary,,
646,646_1,Kyurem,White Kyurem,5,Dragon,Ice,0,0,100,Legendary,,
646,646_2,Kyurem,Black Kyurem,5,Dragon,Ice,0,0,100,Legendary,,
647,647_0,Keldeo,Keldeo Ordinary Form,5,Water,Fighting,0,0,100,Mythical,,
647,647_1,Keldeo,Keldeo Resolute Form,5,Water,Fighting,0,0,100,Mythical,,
648,648_0,Meloetta,Meloetta Aria Form,5,Normal,Psychic,0,0,100,Mythical,,
648,648_1,Meloetta,Meloetta Pirouette Form,5,Normal,Fighting,0,0,100,Mythical,,
649,649_0,Genesect,Genesect,5,Bug,Steel,0,0,100,Mythical,,
650,650_0,Chespin,Chespin,6,Grass,,87.5,12.5,0,Ordinary,,
651,651_0,Quilladin,Quilladin,6,Grass,,87.5,12.5,0,Ordinary,,
652,652_0,Chesnaught,Chesnaught,6,Grass,Fighting,87.5,12.5,0,Ordinary,,
653,653_0,Fennekin,Fennekin,6,Fire,,87.5,12.5,0,Ordinary,,
654,654_0,Braixen,Braixen,6,Fire,,87.5,12.5,0,Ordinary,,
655,655_0,Delphox,Delphox,6,Fire,Psychic,87.5,12.5,0,Ordinary,,
656,656_0,Froakie,Froakie,6,Water,,87.5,12.5,0,Ordinary,,
657,657_0,Frogadier,Frogadier,6,Water,,87.5,12.5,0,Ordinary,,
658,658_0,Greninja,Greninja,6,Water,Dark,100,0,0,Ordinary,,
658,658_1,Greninja,Ash Greninja,6,Water,Dark,100,0,0,Ordinary,,
659,659_0,Bunnelby,Bunnelby,6,Normal,,50,50,0,Ordinary,,
660,660_0,Diggersby,Diggersby,6,Normal,Ground,50,50,0,Ordinary,,
661,661_0,Fletchling,Fletchling,6,Normal,Flying,50,50,0,Ordinary,,
662,662_0,Fletchinder,Fletchinder,6,Fire,Flying,50,50,0,Ordinary,,
663,663_0,Talonflame,Talonflame,6,Fire,Flying,50,50,0,Ordinary,,
664,664_0,Scatterbug,Scatterbug,6,Bug,,50,50,0,Ordinary,,
665,665_0,Spewpa,Spewpa,6,Bug,,50,50,0,Ordinary,,
666,666_0,Vivillon,Vivillon,6,Bug,Flying,50,50,0,Ordinary,,
667,667_0,Litleo,Litleo,6,Fire,Normal,12.5,87.5,0,Ordinary,,
668,668_0,Pyroar,Pyroar,6,Fire,Normal,12.5,87.5,0,Ordinary,,
669,669_0,Flabebe,Flabebe,6,Fairy,,0,100,0,Ordinary,,
670,670_0,Floette,Floette,6,Fairy,,0,100,0,Ordinary,,
671,671_0,Florges,Florges,6,Fairy,,0,100,0,Ordinary,,
672,672_0,Skiddo,Skiddo,6,Grass,,50,50,0,Ordinary,,
673,673_0,Gogoat,Gogoat,6,Grass,,50,50,0,Ordinary,,
674,674_0,Pancham,Pancham,6,Fighting,,50,50,0,Ordinary,,
675,675_0,Pangoro,Pangoro,6,Fighting,Dark,50,50,0,Ordinary,,
676,676_0,Furfrou,Furfrou,6,Normal,,50,50,0,Ordinary,,
677,677_0,Espurr,Espurr,6,Psychic,,50,50,0,Ordinary,,
678,678_0,Meowstic,Meowstic Male,6,Psychic,,100,0,0,Ordinary,,
678,678_1,Meowstic,Meowstic Female,6,Psychic,,0,100,0,Ordinary,,
679,679_0,Honedge,Honedge,6,Steel,Ghost,50,50,0,Ordinary,,
680,680_0,Doublade,Doublade,6,Steel,Ghost,50,50,0,Ordinary,,
681,681_0,Aegislash,Aegislash Shield Form,6,Steel,Ghost,50,50,0,Ordinary,,
681,681_1,Aegislash,Aegislash Blade Form,6,Steel,Ghost,50,50,0,Ordinary,,
682,682_0,Spritzee,Spritzee,6,Fairy,,50,50,0,Ordinary,,
683,683_0,Aromatisse,Aromatisse,6,Fairy,,50,50,0,Ordinary,,
684,684_0,Swirlix,Swirlix,6,Fairy,,50,50,0,Ordinary,,
685,685_0,Slurpuff,Slurpuff,6,Fairy,,50,50,0,Ordinary,,
686,686_0,Inkay,Inkay,6,Dark,Psychic,50,50,0,Ordinary,,
687,687_0,Malamar,Malamar,6,Dark,Psychic,50,50,0,Ordinary,,
688,688_0,Binacle,Binacle,6,Rock,Water,50,50,0,Ordinary,,
689,689_0,Barbaracle,Barbaracle,6,Rock,Water,50,50,0,Ordinary,,
690,690_0,Skrelp,Skrelp,6,Poison,Water,50,50,0,Ordinary,,
691,691_0,Dragalge,Dragalge,6,Poison,Dragon,50,50,0,Ordinary,,
692,692_0,Clauncher,Clauncher,6,Water,,50,50,0,Ordinary,,
693,693_0,Clawitzer,Clawitzer,6,Water,,50,50,0,Ordinary,,
694,694_0,Helioptile,Helioptile,6,Electric,Normal,50,50,0,Ordinary,,
695,695_0,Heliolisk,Heliolisk,6,Electric,Normal,50,50,0,Ordinary,,
696,696_0,Tyrunt,Tyrunt,6,Rock,Dragon,87.5,12.5,0,Ordinary,,
697,697_0,Tyrantrum,Tyrantrum,6,Rock,Dragon,87.5,12.5,0,Ordinary,,
698,698_0,Amaura,Amaura,6,Rock,Ice,87.5,12.5,0,Ordinary,,
699,699_0,Aurorus,Aurorus,6,Rock,Ice,87.5,12.5,0,Ordinary,,
700,700_0,Sylveon,Sylveon,6,Fairy,,87.5,12.5,0,Ordinary,,
701,701_0,Hawlucha,Hawlucha,6,Fighting,Flying,50,50,0,Ordinary,,
702,702_0,Dedenne,Dedenne,6,Electric,Fairy,50,50,0,Ordinary,,
703,703_0,Carbink,Carbink,6,Rock,Fairy,0,0,100,Ordinary,,
704,704_0,Goomy,Goomy,6,Dragon,,50,50,0,Ordinary,,
705,705_0,Sliggoo,Sliggoo,6,Dragon,,50,50,0,Ordinary,,
705,705_1,Sliggoo,Hisuian Sliggoo,8,Steel,Dragon,50,50,0,Ordinary,,Hisuian
706,706_0,Goodra,Goodra,6,Dragon,,50,50,0,Ordinary,,
706,706_1,Goodra,Hisuian Goodra,8,Steel,Dragon,50,50,0,Ordinary,,Hisuian
707,707_0,Klefki,Klefki,6,Steel,Fairy,50,50,0,Ordinary,,
708,708_0,Phantump,Phantump,6,Ghost,Grass,50,50,0,Ordinary,,
709,709_0,Trevenant,Trevenant,6,Ghost,Grass,50,50,0,Ordinary,,
710,710_0,Pumpkaboo,Pumpkaboo Small,6,Ghost,Grass,50,50,0,Ordinary,,
710,710_1,Pumpkaboo,Pumpkaboo Average,6,Ghost,Grass,50,50,0,Ordinary,,
710,710_2,Pumpkaboo,Pumpkaboo Large,6,Ghost,Grass,50,50,0,Ordinary,,
710,710_3,Pumpkaboo,Pumpkaboo Super,6,Ghost,Grass,50,50,0,Ordinary,,
711,711_0,Gourgeist,Gourgeist Small,6,Ghost,Grass,50,50,0,Ordinary,,
711,711_1,Gourgeist,Gourgeist Average,6,Ghost,Grass,50,50,0,Ordinary,,
711,711_2,Gourgeist,Gourgeist Large,6,Ghost,Grass,50,50,0,Ordinary,,
711,711_3,Gourgeist,Gourgeist Super,6,Ghost,Grass,50,50,0,Ordinary,,
712,712_0,Bergmite,Bergmite,6,Ice,,50,50,0,Ordinary,,
713,713_0,Avalugg,Avalugg,6,Ice,,50,50,0,Ordinary,,
713,713_1,Avalugg,Hisuian Avalugg,8,Ice,Rock,50,50,0,Ordinary,,Hisuian
714,714_0,Noibat,Noibat,6,Flying,Dragon,50,50,0,Ordinary,,
715,715_0,Noivern,Noivern,6,Flying,Dragon,50,50,0,Ordinary,,
716,716_0,Xerneas,Xerneas,6,Fairy,,0,0,100,Legendary,,
717,717_0,Yveltal,Yveltal,6,Dark,Flying,0,0,100,Legendary,,
718,718_0,Zygarde,Zygarde 50% Form,6,Dragon,Ground,0,0,100,Legendary,,
718,718_1,Zygarde,Zygarde 10% Form,6,Dragon,Ground,0,0,100,Legendary,,
718,718_2,Zygarde,Zygarde Complete Form,6,Dragon,Ground,0,0,100,Legendary,,
719,719_0,Diancie,Diancie,6,Rock,Fairy,0,0,100,Mythical,,
719,719_1,Diancie,Mega Diancie,6,Rock,Fairy,0,0,100,Mythical,Mega,
720,720_0,Hoopa,Confined Hoopa,6,Psychic,Ghost,0,0,100,Mythical,,
720,720_1,Hoopa,Unbound Hoopa,6,Psychic,Dark,0,0,100,Mythical,,
721,721_0,Volcanion,Volcanion,6,Fire,Water,0,0,100,Mythical,,
722,722_0,Rowlet,Rowlet,7,Grass,Flying,87.5,12.5,0,Ordinary,,
723,723_0,Dartrix,Dartrix,7,Grass,Flying,87.5,12.5,0,Ordinary,,
724,724_0,Decidueye,Decidueye,7,Grass,Ghost,87.5,12.5,0,Ordinary,,
724,724_1,Decidueye,Hisuian Decidueye,8,Grass,Fighting,87.5,12.5,0,Ordinary,,Hisuian
725,725_0,Litten,Litten,7,Fire,,87.5,12.5,0,Ordinary,,
726,726_0,Torracat,Torracat,7,Fire,,87.5,12.5,0,Ordinary,,
727,727_0,Incineroar,Incineroar,7,Fire,Dark,87.5,12.5,0,Ordinary,,
728,728_0,Popplio,Popplio,7,Water,,87.5,12.5,0,Ordinary,,
729,729_0,Brionne,Brionne,7,Water,,87.5,12.5,0,Ordinary,,
730,730_0,Primarina,Primarina,7,Water,Fairy,87.5,12.5,0,Ordinary,,
731,731_0,Pikipek,Pikipek,7,Normal,Flying,50,50,0,Ordinary,,
732,732_0,Trumbeak,Trumbeak,7,Normal,Flying,50,50,0,Ordinary,,
733,733_0,Toucannon,Toucannon,7,Normal,Flying,50,50,0,Ordinary,,
734,734_0,Yungoos,Yungoos,7,Normal,,50,50,0,Ordinary,,
735,735_0,Gumshoos,Gumshoos,7,Normal,,50,50,0,Ordinary,,
736,736_0,Grubbin,Grubbin,7,Bug,,50,50,0,Ordinary,,
737,737_0,Charjabug,Charjabug,7,Bug,Electric,50,50,0,Ordinary,,
738,738_0,Vikavolt,Vikavolt,7,Bug,Electric,50,50,0,Ordinary,,
739,739_0,Crabrawler,Crabrawler,7,Fighting,,50,50,0,Ordinary,,
740,740_0,Crabominable,Crabominable,7,Fighting,Ice,50,50,0,Ordinary,,
741,741_0,Oricorio,Oricorio Baile Style,7,Fire,Flying,25,75,0,Ordinary,,
741,741_1,Oricorio,Oricorio Pom-Pom Style,7,Electric,Flying,25,75,0,Ordinary,,
741,741_2,Oricorio,Oricorio Pa'u Style,7,Psychic,Flying,25,75,0,Ordinary,,
741,741_3,Oricorio,Oricorio Sensu Style,7,Ghost,Flying,25,75,0,Ordinary,,
742,742_0,Cutiefly,Cutiefly,7,Bug,Fairy,50,50,0,Ordinary,,
743,743_0,Ribombee,Ribombee,7,Bug,Fairy,50,50,0,Ordinary,,
744,744_0,Rockruff,Rockruff,7,Rock,,50,50,0,Ordinary,,
745,745_0,Lycanroc,Lycanroc Midday Form,7,Rock,,50,50,0,Ordinary,,
745,745_1,Lycanroc,Lycanroc Midnight Form,7,Rock,,50,50,0,Ordinary,,
745,745_2,Lycanroc,Lycanroc Dusk Form,7,Rock,,50,50,0,Ordinary,,
746,746_0,Wishiwashi,Wishiwashi Solo Form,7,Water,,50,50,0,Ordinary,,
746,746_1,Wishiwashi,Wishiwashi School Form,7,Water,,50,50,0,Ordinary,,
747,747_0,Mareanie,Mareanie,7,Poison,Water,50,50,0,Ordinary,,
748,748_0,Toxapex,Toxapex,7,Poison,Water,50,50,0,Ordinary,,
749,749_0,Mudbray,Mudbray,7,Ground,,50,50,0,Ordinary,,
750,750_0,Mudsdale,Mudsdale,7,Ground,,50,50,0,Ordinary,,
751,751_0,Dewpider,Dewpider,7,Water,Bug,50,50,0,Ordinary,,
752,752_0,Araquanid,Araquanid,7,Water,Bug,50,50,0,Ordinary,,
753,753_0,Fomantis,Fomantis,7,Grass,,50,50,0,Ordinary,,
754,754_0,Lurantis,Lurantis,7,Grass,,50,50,0,Ordinary,,
755,755_0,Morelull,Morelull,7,Grass,Fairy,50,50,0,Ordinary,,
756,756_0,Shiinotic,Shiinotic,7,Grass,Fairy,50,50,0,Ordinary,,
757,757_0,Salandit,Salandit,7,Poison,Fire,87.5,12.5,0,Ordinary,,
758,758_0,Salazzle,Salazzle,7,Poison,Fire,0,100,0,Ordinary,,
759,759_0,Stufful,Stufful,7,Normal,Fighting,50,50,0,Ordinary,,
760,760_0,Bewear,Bewear,7,Normal,Fighting,50,50,0,Ordinary,,
761,761_0,Bounsweet,Bounsweet,7,Grass,,0,100,0,Ordinary,,
762,762_0,Steenee,Steenee,7,Grass,,0,100,0,Ordinary,,
763,763_0,Tsareena,Tsareena,7,Grass,,0,100,0,Ordinary,,
764,764_0,Comfey,Comfey,7,Fairy,,25,75,0,Ordinary,,
765,765_0,Oranguru,Oranguru,7,Normal,Psychic,50,50,0,Ordinary,,
766,766_0,Passimian,Passimian,7,Fighting,,50,50,0,Ordinary,,
767,767_0,Wimpod,Wimpod,7,Bug,Water,50,50,0,Ordinary,,
768,768_0,Golisopod,Golisopod,7,Bug,Water,50,50,0,Ordinary,,
769,769_0,Sandygast,Sandygast,7,Ghost,Ground,50,50,0,Ordinary,,
770,770_0,Palossand,Palossand,7,Ghost,Ground,50,50,0,Ordinary,,
771,771_0,Pyukumuku,Pyukumuku,7,Water,,50,50,0,Ordinary,,
772,772_0,Type: Null,Type: Null,7,Normal,,0,0,100,Semi-Legendary,,
773,773_0,Silvally,Silvally,7,Normal,,0,0,100,Semi-Legendary,,
774,774_0,Minior,Minior Meteor Form,7,Rock,Flying,0,0,100,Ordinary,,
774,774_1,Minior,Minior Red Core,7,Rock,Flying,0,0,100,Ordinary,,
774,774_2,Minior,Minior Orange Core,7,Rock,Flying,0,0,100,Ordinary,,
774,774_3,Minior,Minior Yellow Core,7,Rock,Flying,0,0,100,Ordinary,,
774,774_4,Minior,Minior Green Core,7,Rock,Flying,0,0,100,Ordinary,,
774,774_5,Minior,Minior Blue Core,7,Rock,Flying,0,0,100,Ordinary,,
774,774_6,Minior,Minior Indigo Core,7,Rock,Flying,0,0,100,Ordinary,,
774,774_7,Minior,Minior Purple Core,7,Rock,Flying,0,0,100,Ordinary,,
775,775_0,Komala,Komala,7,Normal,,50,50,0,Ordinary,,
776,776_0,Turtonator,Turtonator,7,Fire,Dragon,50,50,0,Ordinary,,
777,777_0,Togedemaru,Togedemaru,7,Electric,Steel,50,50,0,Ordinary,,
778,778_0,Mimikyu,Mimikyu,7,Ghost,Fairy,50,50,0,Ordinary,,
779,779_0,Bruxish,Bruxish,7,Water,Psychic,50,50,0,Ordinary,,
780,780_0,Drampa,Drampa,7,Normal,Dragon,50,50,0,Ordinary,,
781,781_0,Dhelmise,Dhelmise,7,Ghost,Grass,0,0,100,Ordinary,,
782,782_0,Jangmo-o,Jangmo-o,7,Dragon,,50,50,0,Ordinary,,
783,783_0,Hakamo-o,Hakamo-o,7,Dragon,Fighting,50,50,0,Ordinary,,
784,784_0,Kommo-o,Kommo-o,7,Dragon,Fighting,50,50,0,Ordinary,,
785,785_0,Tapu Koko,Tapu Koko,7,Electric,Fairy,0,0,100,Semi-Legendary,,
786,786_0,Tapu Lele,Tapu Lele,7,Psychic,Fairy,0,0,100,Semi-Legendary,,
787,787_0,Tapu Bulu,Tapu Bulu,7,Grass,Fairy,0,0,100,Semi-Legendary,,
788,788_0,Tapu Fini,Tapu Fini,7,Water,Fairy,0,0,100,Semi-Legendary,,
789,789_0,Cosmog,Cosmog,7,Psychic,,0,0,100,Legendary,,
790,790_0,Cosmoem,Cosmoem,7,Psychic,,0,0,100,Legendary,,
791,791_0,Solgaleo,Solgaleo,7,Psychic,Steel,0,0,100,Legendary,,
792,792_0,Lunala,Lunala,7,Psychic,Ghost,0,0,100,Legendary,,
793,793_0,Nihilego,Nihilego,7,Rock,Poison,0,0,100,Semi-Legendary,,
794,794_0,Buzzwole,Buzzwole,7,Bug,Fighting,0,0,100,Semi-Legendary,,
795,795_0,Pheromosa,Pheromosa,7,Bug,Fighting,0,0,100,Semi-Legendary,,
796,796_0,Xurkitree,Xurkitree,7,Electric,,0,0,100,Semi-Legendary,,
797,797_0,Celesteela,Celesteela,7,Steel,Flying,0,0,100,Semi-Legendary,,
798,798_0,Kartana,Kartana,7,Grass,Steel,0,0,100,Semi-Legendary,,
799,799_0,Guzzlord,Guzzlord,7,Dark,Dragon,0,0,100,Semi-Legendary,,
800,800_0,Necrozma,Necrozma,7,Psychic,,0,0,100,Legendary,,
800,800_1,Necrozma,Dusk Mane Necrozma,7,Psychic,Steel,0,0,100,Legendary,,
800,800_2,Necrozma,Dawn Wings Necrozma,7,Psychic,Ghost,0,0,100,Legendary,,
800,800_3,Necrozma,Ultra Necrozma,7,Psychic,Dragon,0,0,100,Legendary,,
801,801_0,Magearna,Magearna,7,Steel,Fairy,0,0,100,Mythical,,
802,802_0,Marshadow,Marshadow,7,Fighting,Ghost,0,0,100,Mythical,,
803,803_0,Poipole,Poipole,7,Poison,,0,0,100,Semi-Legendary,,
804,804_0,Naganadel,Naganadel,7,Poison,Dragon,0,0,100,Semi-Legendary,,
805,805_0,Stakataka,Stakataka,7,Rock,Steel,0,0,100,Semi-Legendary,,
806,806_0,Blacephalon,Blacephalon,7,Fire,Ghost,0,0,100,Semi-Legendary,,
807,807_0,Zeraora,Zeraora,7,Electric,,0,0,100,Mythical,,
808,808_0,Meltan,Meltan,7,Steel,,0,0,100,Mythical,,
809,809_0,Melmetal,Melmetal,7,Steel,,0,0,100,Mythical,,
810,810_0,Grookey,Grookey,8,Grass,,87.5,12.5,0,Ordinary,,
811,811_0,Thwackey,Thwackey,8,Grass,,87.5,12.5,0,Ordinary,,
812,812_0,Rillaboom,Rillaboom,8,Grass,,87.5,12.5,0,Ordinary,,
813,813_0,Scorbunny,Scorbunny,8,Fire,,87.5,12.5,0,Ordinary,,
814,814_0,Raboot,Raboot,8,Fire,,87.5,12.5,0,Ordinary,,
815,815_0,Cinderace,Cinderace,8,Fire,,87.5,12.5,0,Ordinary,,
816,816_0,Sobble,Sobble,8,Water,,87.5,12.5,0,Ordinary,,
817,817_0,Drizzile,Drizzile,8,Water,,87.5,12.5,0,Ordinary,,
818,818_0,Inteleon,Inteleon,8,Water,,87.5,12.5,0,Ordinary,,
819,819_0,Skwovet,Skwovet,8,Normal,,50,50,0,Ordinary,,
820,820_0,Greedent,Greedent,8,Normal,,50,50,0,Ordinary,,
821,821_0,Rookidee,Rookidee,8,Flying,,50,50,0,Ordinary,,
822,822_0,Corvisquire,Corvisquire,8,Flying,,50,50,0,Ordinary,,
823,823_0,Corviknight,Corviknight,8,Flying,Steel,50,50,0,Ordinary,,
824,824_0,Blipbug,Blipbug,8,Bug,,50,50,0,Ordinary,,
825,825_0,Dottler,Dottler,8,Bug,Psychic,50,50,0,Ordinary,,
826,826_0,Orbeetle,Orbeetle,8,Bug,Psychic,50,50,0,Ordinary,,
827,827_0,Nickit,Nickit,8,Dark,,50,50,0,Ordinary,,
828,828_0,Thievul,Thievul,8,Dark,,50,50,0,Ordinary,,
829,829_0,Gossifleur,Gossifleur,8,Grass,,50,50,0,Ordinary,,
830,830_0,Eldegoss,Eldegoss,8,Grass,,50,50,0,Ordinary,,
831,831_0,Wooloo,Wooloo,8,Normal,,50,50,0,Ordinary,,
832,832_0,Dubwool,Dubwool,8,Normal,,50,50,0,Ordinary,,
833,833_0,Chewtle,Chewtle,8,Water,,50,50,0,Ordinary,,
834,834_0,Drednaw,Drednaw,8,Water,Rock,50,50,0,Ordinary,,
835,835_0,Yamper,Yamper,8,Electric,,50,50,0,Ordinary,,
836,836_0,Boltund,Boltund,8,Electric,,50,50,0,Ordinary,,
837,837_0,Rolycoly,Rolycoly,8,Rock,,50,50,0,Ordinary,,
838,838_0,Carkol,Carkol,8,Rock,Fire,50,50,0,Ordinary,,
839,839_0,Coalossal,Coalossal,8,Rock,Fire,50,50,0,Ordinary,,
840,840_0,Applin,Applin,8,Grass,Dragon,50,50,0,Ordinary,,
841,841_0,Flapple,Flapple,8,Grass,Dragon,50,50,0,Ordinary,,
842,842_0,Appletun,Appletun,8,Grass,Dragon,50,50,0,Ordinary,,
843,843_0,Silicobra,Silicobra,8,Ground,,50,50,0,Ordinary,,
844,844_0,Sandaconda,Sandaconda,8,Ground,,50,50,0,Ordinary,,
845,845_0,Cramorant,Cramorant,8,Flying,Water,50,50,0,Ordinary,,
846,846_0,Arrokuda,Arrokuda,8,Water,,50,50,0,Ordinary,,
847,847_0,Barraskewda,Barraskewda,8,Water,,50,50,0,Ordinary,,
848,848_0,Toxel,Toxel,8,Electric,Poison,50,50,0,Ordinary,,
849,849_0,Toxtricity,Toxtricity Amped Form,8,Electric,Poison,50,50,0,Ordinary,,
849,849_1,Toxtricity,Toxtricity Low-Key Form,8,Electric,Poison,50,50,0,Ordinary,,
850,850_0,Sizzlipede,Sizzlipede,8,Fire,Bug,50,50,0,Ordinary,,
851,851_0,Centiskorch,Centiskorch,8,Fire,Bug,50,50,0,Ordinary,,
852,852_0,Clobbopus,Clobbopus,8,Fighting,,50,50,0,Ordinary,,
853,853_0,Grapploct,Grapploct,8,Fighting,,50,50,0,Ordinary,,
854,854_0,Sinistea,Sinistea,8,Ghost,,0,0,100,Ordinary,,
855,855_0,Polteageist,Polteageist,8,Ghost,,0,0,100,Ordinary,,
856,856_0,Hatenna,Hatenna,8,Psychic,,0,100,0,Ordinary,,
857,857_0,Hattrem,Hattrem,8,Psychic,,0,100,0,Ordinary,,
858,858_0,Hatterene,Hatterene,8,Psychic,Fairy,0,100,0,Ordinary,,
859,859_0,Impidimp,Impidimp,8,Dark,Fairy,100,0,0,Ordinary,,
860,860_0,Morgrem,Morgrem,8,Dark,Fairy,100,0,0,Ordinary,,
861,861_0,Grimmsnarl,Grimmsnarl,8,Dark,Fairy,100,0,0,Ordinary,,
862,862_0,Obstagoon,Obstagoon,8,Dark,Normal,50,50,0,Ordinary,,
863,863_0,Perrserker,Perrserker,8,Steel,,50,50,0,Ordinary,,
864,864_0,Cursola,Cursola,8,Ghost,,25,75,0,Ordinary,,
865,865_0,Sirfetch'd,Sirfetch'd,8,Fighting,,50,50,0,Ordinary,,
866,866_0,Mr. Rime,Mr. Rime,8,Ice,Psychic,50,50,0,Ordinary,,
867,867_0,Runerigus,Runerigus,8,Ground,Ghost,50,50,0,Ordinary,,
868,868_0,Milcery,Milcery,8,Fairy,,0,100,0,Ordinary,,
869,869_0,Alcremie,Alcremie,8,Fairy,,0,100,0,Ordinary,,
870,870_0,Falinks,Falinks,8,Fighting,,0,0,100,Ordinary,,
871,871_0,Pincurchin,Pincurchin,8,Electric,,50,50,0,Ordinary,,
872,872_0,Snom,Snom,8,Ice,Bug,50,50,0,Ordinary,,
873,873_0,Frosmoth,Frosmoth,8,Ice,Bug,50,50,0,Ordinary,,
874,874_0,Stonjourner,Stonjourner,8,Rock,,50,50,0,Ordinary,,
875,875_0,Eiscue,Eiscue Ice Face,8,Ice,,50,50,0,Ordinary,,
875,875_1,Eiscue,Eiscue Noice Face,8,Ice,,50,50,0,Ordinary,,
876,876_0,Indeedee,Indeedee Male,8,Psychic,Normal,100,0,0,Ordinary,,
876,876_1,Indeedee,Indeedee Female,8,Psychic,Normal,0,100,0,Ordinary,,
877,877_0,Morpeko,Morpeko Full Berry Mode,8,Electric,Dark,50,50,0,Ordinary,,
877,877_1,Morpeko,Morpeko Hangry Mode,8,Electric,Dark,50,50,0,Ordinary,,
878,878_0,Cufant,Cufant,8,Steel,,50,50,0,Ordinary,,
879,879_0,Copperajah,Copperajah,8,Steel,,50,50,0,Ordinary,,
880,880_0,Dracozolt,Dracozolt,8,Electric,Dragon,0,0,100,Ordinary,,
881,881_0,Arctozolt,Arctozolt,8,Electric,Ice,0,0,100,Ordinary,,
882,882_0,Dracovish,Dracovish,8,Water,Dragon,0,0,100,Ordinary,,
883,883_0,Arctovish,Arctovish,8,Water,Ice,0,0,100,Ordinary,,
884,884_0,Duraludon,Duraludon,8,Steel,Dragon,50,50,0,Ordinary,,
885,885_0,Dreepy,Dreepy,8,Dragon,Ghost,50,50,0,Ordinary,,
886,886_0,Drakloak,Drakloak,8,Dragon,Ghost,50,50,0,Ordinary,,
887,887_0,Dragapult,Dragapult,8,Dragon,Ghost,50,50,0,Ordinary,,
888,888_0,Zacian,Zacian Hero of Many Battles,8,Fairy,,0,0,100,Legendary,,
888,888_1,Zacian,Zacian Crowned Sword,8,Fairy,Steel,0,0,100,Legendary,,
889,889_0,Zamazenta,Zamazenta Hero of Many Battles,8,Fighting,,0,0,100,Legendary,,
889,889_1,Zamazenta,Zamazenta Crowned Shield,8,Fighting,Steel,0,0,100,Legendary,,
890,890_0,Eternatus,Eternatus,8,Poison,Dragon,0,0,100,Legendary,,
890,890_1,Eternatus,Eternamax Eternatus,8,Poison,Dragon,0,0,100,Legendary,,
891,891_0,Kubfu,Kubfu,8,Fighting,,87.5,12.5,0,Semi-Legendary,,
892,892_0,Urshifu,Urshifu Single Strike Style,8,Fighting,Dark,87.5,12.5,0,Semi-Legendary,,
892,892_1,Urshifu,Urshifu Rapid Strike Style,8,Fighting,Water,87.5,12.5,0,Semi-Legendary,,
893,893_0,Zarude,Zarude,8,Dark,Grass,0,0,100,Mythical,,
894,894_0,Regieleki,Regieleki,8,Electric,,0,0,100,Semi-Legendary,,
895,895_0,Regidrago,Regidrago,8,Dragon,,0,0,100,Semi-Legendary,,
896,896_0,Glastrier,Glastrier,8,Ice,,0,0,100,Semi-Legendary,,
897,897_0,Spectrier,Spectrier,8,Ghost,,0,0,100,Semi-Legendary,,
898,898_0,Calyrex,Calyrex,8,Psychic,Grass,0,0,100,Legendary,,
898,898_1,Calyrex,Calyrex Ice Rider,8,Psychic,Ice,0,0,100,Legendary,,
898,898_2,Calyrex,Calyrex Shadow Rider,8,Psychic,Ghost,0,0,100,Legendary,,
899,899_0,Wyrdeer,Wyrdeer,8,Normal,Psychic,50,50,0,Ordinary,,
900,900_0,Kleavor,Kleavor,8,Bug,Rock,50,50,0,Ordinary,,
901,901_0,Ursaluna,Ursaluna,8,Ground,Normal,50,50,0,Ordinary,,
902,902_0,Basculegion,Basculegion Male,8,Water,Ghost,100,0,0,Ordinary,,
902,902_1,Basculegion,Basculegion Felame,8,Water,Ghost,0,100,0,Ordinary,,
903,903_0,Sneasler,Sneasler,8,Fighting,Poison,50,50,0,Ordinary,,
904,904_0,Overqwil,Overqwil,8,Dark,Poison,50,50,0,Ordinary,,
905,905_0,Enamorus,Enamorus Incarnate Style,8,Fairy,Flying,0,100,0,Semi-Legendary,,
905,905_1,Enamorus,Enamorus Therian Style,8,Fairy,Flying,0,100,0,Semi-Legendary,,
906,906_0,Sprigatito,Sprigatito,9,Grass,,87.5,12.5,0,Ordinary,,
907,907_0,Floragato,Floragato,9,Grass,,87.5,12.5,0,Ordinary,,
908,908_0,Meowscarada,Meowscarada,9,Grass,Dark,87.5,12.5,0,Ordinary,,
909,909_0,Fuecoco,Fuecoco,9,Fire,,87.5,12.5,0,Ordinary,,
910,910_0,Crocalor,Crocalor,9,Fire,,87.5,12.5,0,Ordinary,,
911,911_0,Skeledirge,Skeledirge,9,Fire,Ghost,87.5,12.5,0,Ordinary,,
912,912_0,Quaxly,Quaxly,9,Water,,87.5,12.5,0,Ordinary,,
913,913_0,Quaxwell,Quaxwell,9,Water,,87.5,12.5,0,Ordinary,,
914,914_0,Quaquaval,Quaquaval,9,Water,Fighting,87.5,12.5,0,Ordinary,,
915,915_0,Lechonk,Lechonk,9,Normal,,50,50,0,Ordinary,,
916,916_0,Oinkologne,Oinkologne,9,Normal,,100,0,0,Ordinary,,
916,916_1,Oinkologne,Oinkologne,9,Normal,,0,100,0,Ordinary,,
917,917_0,Tarountula,Tarountula,9,Bug,,50,50,0,Ordinary,,
918,918_0,Spidops,Spidops,9,Bug,,50,50,0,Ordinary,,
919,919_0,Nymble,Nymble,9,Bug,,50,50,0,Ordinary,,
920,920_0,Lokix,Lokix,9,Bug,Dark,50,50,0,Ordinary,,
921,921_0,Pawmi,Pawmi,9,Electric,,50,50,0,Ordinary,,
922,922_0,Pawmo,Pawmo,9,Electric,Fighting,50,50,0,Ordinary,,
923,923_0,Pawmot,Pawmot,9,Electric,Fighting,50,50,0,Ordinary,,
924,924_0,Tandemaus,Tandemaus,9,Normal,,0,0,100,Ordinary,,
925,925_0,Maushold,Maushold Family of Three,9,Normal,,0,0,100,Ordinary,,
925,925_1,Maushold,Maushold Family of Four,9,Normal,,0,0,100,Ordinary,,
926,926_0,Fidough,Fidough,9,Fairy,,50,50,0,Ordinary,,
927,927_0,Dachsbun,Dachsbun,9,Fairy,,50,50,0,Ordinary,,
928,928_0,Smoliv,Smoliv,9,Grass,Normal,50,50,0,Ordinary,,
929,929_0,Dolliv,Dolliv,9,Grass,Normal,50,50,0,Ordinary,,
930,930_0,Arboliva,Arboliva,9,Grass,Normal,50,50,0,Ordinary,,
931,931_0,Squawkabilly,Squawkabilly Green Plumage,9,Normal,Flying,50,50,0,Ordinary,,
931,931_1,Squawkabilly,Squawkabilly Blue Plumage,9,Normal,Flying,50,50,0,Ordinary,,
931,931_2,Squawkabilly,Squawkabilly Yellow Plumage,9,Normal,Flying,50,50,0,Ordinary,,
931,931_3,Squawkabilly,Squawkabilly White Plumage,9,Normal,Flying,50,50,0,Ordinary,,
932,932_0,Nacli,Nacli,9,Rock,,50,50,0,Ordinary,,
933,933_0,Naclstack,Naclstack,9,Rock,,50,50,0,Ordinary,,
934,934_0,Garganacl,Garganacl,9,Rock,,50,50,0,Ordinary,,
935,935_0,Charcadet,Charcadet,9,Fire,,50,50,0,Ordinary,,
936,936_0,Armarouge,Armarouge,9,Fire,Psychic,50,50,0,Ordinary,,
937,937_0,Ceruledge,Ceruledge,9,Fire,Ghost,50,50,0,Ordinary,,
938,938_0,Tadbulb,Tadbulb,9,Electric,,50,50,0,Ordinary,,
939,939_0,Bellibolt,Bellibolt,9,Electric,,50,50,0,Ordinary,,
940,940_0,Wattrel,Wattrel,9,Electric,Flying,50,50,0,Ordinary,,
941,941_0,Kilowattrel,Kilowattrel,9,Electric,Flying,50,50,0,Ordinary,,
942,942_0,Maschiff,Maschiff,9,Dark,,50,50,0,Ordinary,,
943,943_0,Mabosstiff,Mabosstiff,9,Dark,,50,50,0,Ordinary,,
944,944_0,Shroodle,Shroodle,9,Poison,Normal,50,50,0,Ordinary,,
945,945_0,Grafaiai,Grafaiai,9,Poison,Normal,50,50,0,Ordinary,,
946,946_0,Bramblin,Bramblin,9,Grass,Ghost,50,50,0,Ordinary,,
947,947_0,Brambleghast,Brambleghast,9,Grass,Ghost,50,50,0,Ordinary,,
948,948_0,Toedscool,Toedscool,9,Ground,Grass,50,50,0,Ordinary,,
949,949_0,Toedscruel,Toedscruel,9,Ground,Grass,50,50,0,Ordinary,,
950,950_0,Klawf,Klawf,9,Rock,,50,50,0,Ordinary,,
951,951_0,Capsakid,Capsakid,9,Grass,,50,50,0,Ordinary,,
952,952_0,Scovillain,Scovillain,9,Grass,Fire,50,50,0,Ordinary,,
953,953_0,Rellor,Rellor,9,Bug,,50,50,0,Ordinary,,
954,954_0,Rabsca,Rabsca,9,Bug,Psychic,50,50,0,Ordinary,,
955,955_0,Flittle,Flittle,9,Psychic,,50,50,0,Ordinary,,
956,956_0,Espathra,Espathra,9,Psychic,,50,50,0,Ordinary,,
957,957_0,Tinkatink,Tinkatink,9,Fairy,Steel,0,100,0,Ordinary,,
958,958_0,Tinkatuff,Tinkatuff,9,Fairy,Steel,0,100,0,Ordinary,,
959,959_0,Tinkaton,Tinkaton,9,Fairy,Steel,0,100,0,Ordinary,,
960,960_0,Wiglett,Wiglett,9,Water,,50,50,0,Ordinary,,
961,961_0,Wugtrio,Wugtrio,9,Water,,50,50,0,Ordinary,,
962,962_0,Bombirdier,Bombirdier,9,Flying,Dark,50,50,0,Ordinary,,
963,963_0,Finizen,Finizen,9,Water,,50,50,0,Ordinary,,
964,964_0,Palafin,Palafin Zero Form,9,Water,,50,50,0,Ordinary,,
964,964_1,Palafin,Palafin Hero Form,9,Water,,50,50,0,Ordinary,,
965,965_0,Varoom,Varoom,9,Steel,Poison,50,50,0,Ordinary,,
966,966_0,Revavroom,Revavroom,9,Steel,Poison,50,50,0,Ordinary,,
967,967_0,Cyclizar,Cyclizar,9,Dragon,Normal,50,50,0,Ordinary,,
968,968_0,Orthworm,Orthworm,9,Steel,,50,50,0,Ordinary,,
969,969_0,Glimmet,Glimmet,9,Rock,Poison,50,50,0,Ordinary,,
970,970_0,Glimmora,Glimmora,9,Rock,Poison,50,50,0,Ordinary,,
971,971_0,Greavard,Greavard,9,Ghost,,50,50,0,Ordinary,,
972,972_0,Houndstone,Houndstone,9,Ghost,,50,50,0,Ordinary,,
973,973_0,Flamigo,Flamigo,9,Flying,Fighting,50,50,0,Ordinary,,
974,974_0,Cetoddle,Cetoddle,9,Ice,,50,50,0,Ordinary,,
975,975_0,Cetitan,Cetitan,9,Ice,,50,50,0,Ordinary,,
976,976_0,Veluza,Veluza,9,Water,Psychic,50,50,0,Ordinary,,
977,977_0,Dondozo,Dondozo,9,Water,,50,50,0,Ordinary,,
978,978_0,Tatsugiri,Tatsugiri Curly Form,9,Dragon,Water,50,50,0,Ordinary,,
978,978_1,Tatsugiri,Tatsugiri Droopy Form,9,Dragon,Water,50,50,0,Ordinary,,
978,978_2,Tatsugiri,Tatsugiri Stretchy Form,9,Dragon,Water,50,50,0,Ordinary,,
979,979_0,Annihilape,Annihilape,9,Fighting,Ghost,50,50,0,Ordinary,,
980,980_0,Clodsire,Clodsire,9,Poison,Ground,50,50,0,Ordinary,,
981,981_0,Farigiraf,Farigiraf,9,Normal,Psychic,50,50,0,Ordinary,,
982,982_0,Dudunsparce,Dudunsparce Two-Segment Form,9,Normal,,50,50,0,Ordinary,,
982,982_1,Dudunsparce,Dudunsparce Three-Segment Form,9,Normal,,50,50,0,Ordinary,,
983,983_0,Kingambit,Kingambit,9,Dark,Steel,50,50,0,Ordinary,,
984,984_0,Great Tusk,Great Tusk,9,Ground,Fighting,0,0,100,Semi-Legendary,,
985,985_0,Scream Tail,Scream Tail,9,Fairy,Psychic,0,0,100,Semi-Legendary,,
986,986_0,Brute Bonnet,Brute Bonnet,9,Grass,Dark,0,0,100,Semi-Legendary,,
987,987_0,Flutter Mane,Flutter Mane,9,Ghost,Fairy,0,0,100,Semi-Legendary,,
988,988_0,Slither Wing,Slither Wing,9,Bug,Fighting,0,0,100,Semi-Legendary,,
989,989_0,Sandy Shocks,Sandy Shocks,9,Electric,Ground,0,0,100,Semi-Legendary,,
990,990_0,Iron Treads,Iron Treads,9,Ground,Steel,0,0,100,Semi-Legendary,,
991,991_0,Iron Bundle,Iron Bundle,9,Ice,Water,0,0,100,Semi-Legendary,,
992,992_0,Iron Hands,Iron Hands,9,Fighting,Electric,0,0,100,Semi-Legendary,,
993,993_0,Iron Jugulis,Iron Jugulis,9,Dark,Flying,0,0,100,Semi-Legendary,,
994,994_0,Iron Moth,Iron Moth,9,Fire,Poison,0,0,100,Semi-Legendary,,
995,995_0,Iron Thorns,Iron Thorns,9,Rock,Electric,0,0,100,Semi-Legendary,,
996,996_0,Frigibax,Frigibax,9,Dragon,Ice,50,50,0,Ordinary,,
997,997_0,Arctibax,Arctibax,9,Dragon,Ice,50,50,0,Ordinary,,
998,998_0,Baxcalibur,Baxcalibur,9,Dragon,Ice,50,50,0,Ordinary,,
999,999_0,Gimmighoul,Gimmighoul Chest Form,9,Ghost,,0,0,100,Ordinary,,
999,999_1,Gimmighoul,Gimmighoul Roaming Form,9,Ghost,,0,0,100,Ordinary,,
1000,1000_0,Gholdengo,Gholdengo,9,Steel,Ghost,0,0,100,Ordinary,,
1001,1001_0,Wo-Chien,Wo-Chien,9,Dark,Grass,0,0,100,Semi-Legendary,,
1002,1002_0,Chien-Pao,Chien-Pao,9,Dark,Ice,0,0,100,Semi-Legendary,,
1003,1003_0,Ting-Lu,Ting-Lu,9,Dark,Ground,0,0,100,Semi-Legendary,,
1004,1004_0,Chi-Yu,Chi-Yu,9,Dark,Fire,0,0,100,Semi-Legendary,,
1005,1005_0,Roaring Moon,Roaring Moon,9,Dragon,Dark,0,0,100,Semi-Legendary,,
1006,1006_0,Iron Valiant,Iron Valiant,9,Fairy,Fighting,0,0,100,Semi-Legendary,,
1007,1007_0,Koraidon,Koraidon,9,Fighting,Dragon,0,0,100,Legendary,,
1008,1008_0,Miraidon,Miraidon,9,Electric,Dragon,0,0,100,Legendary,,
1009,1009_0,Walking Wake,Walking Wake,9,Water,Dragon,0,0,100,Semi-Legendary,,
1010,1010_0,Iron Leaves,Iron Leaves,9,Grass,Psychic,0,0,100,Semi-Legendary,,
